gsm,gse,raw_Tissue,matched_cellline,cvcl,cellosaurus_organism
GSM1677218,GSE68624,H1 cell line,H-1,CVCL_N541,Mus musculus
GSM1677219,GSE68624,H1 cell line,H-1,CVCL_N541,Mus musculus
GSM1677220,GSE68624,H1 cell line,H-1,CVCL_N541,Mus musculus
GSM1677221,GSE68624,H1 cell line,H-1,CVCL_N541,Mus musculus
GSM1677222,GSE68624,H1 cell line,H-1,CVCL_N541,Mus musculus
GSM1677223,GSE68624,H1 cell line,H-1,CVCL_N541,Mus musculus
GSM1677224,GSE68624,H1 cell line,H-1,CVCL_N541,Mus musculus
GSM1677225,GSE68624,H1 cell line,H-1,CVCL_N541,Mus musculus
GSM1677226,GSE68624,H1 cell line,H-1,CVCL_N541,Mus musculus
GSM1677227,GSE68624,H1 cell line,H-1,CVCL_N541,Mus musculus
GSM1677228,GSE68624,H1 cell line,H-1,CVCL_N541,Mus musculus
GSM1677229,GSE68624,H1 cell line,H-1,CVCL_N541,Mus musculus
GSM1677230,GSE68624,H1 cell line,H-1,CVCL_N541,Mus musculus
GSM1677231,GSE68624,H1 cell line,H-1,CVCL_N541,Mus musculus
GSM1677232,GSE68624,H1 cell line,H-1,CVCL_N541,Mus musculus
GSM1677233,GSE68624,H1 cell line,H-1,CVCL_N541,Mus musculus
GSM1677234,GSE68624,H1 cell line,H-1,CVCL_N541,Mus musculus
GSM1677235,GSE68624,H1 cell line,H-1,CVCL_N541,Mus musculus
GSM1677236,GSE68624,H1 cell line,H-1,CVCL_N541,Mus musculus
GSM1677237,GSE68624,H1 cell line,H-1,CVCL_N541,Mus musculus
GSM1677238,GSE68624,H1 cell line,H-1,CVCL_N541,Mus musculus
GSM1677239,GSE68624,H1 cell line,H-1,CVCL_N541,Mus musculus
GSM1677240,GSE68624,H1 cell line,H-1,CVCL_N541,Mus musculus
GSM1677241,GSE68624,H1 cell line,H-1,CVCL_N541,Mus musculus
GSM5935627,GSE198006,Human embryonic stem cell H1,H-1,CVCL_N541,Mus musculus
GSM5935628,GSE198006,Human embryonic stem cell H1,H-1,CVCL_N541,Mus musculus
GSM5935629,GSE198006,Human embryonic stem cell H1,H-1,CVCL_N541,Mus musculus
GSM5935630,GSE198006,Human embryonic stem cell H1,H-1,CVCL_N541,Mus musculus
GSM5935631,GSE198006,Human embryonic stem cell H1,H-1,CVCL_N541,Mus musculus
GSM5935632,GSE198006,Human embryonic stem cell H1,H-1,CVCL_N541,Mus musculus
GSM5935633,GSE198006,Human embryonic stem cell H1,H-1,CVCL_N541,Mus musculus
GSM5935634,GSE198006,Human embryonic stem cell H1,H-1,CVCL_N541,Mus musculus
GSM5935635,GSE198006,Human embryonic stem cell H1,H-1,CVCL_N541,Mus musculus
GSM5935636,GSE198006,Human embryonic stem cell H1,H-1,CVCL_N541,Mus musculus
GSM5935637,GSE198006,Human embryonic stem cell H1,H-1,CVCL_N541,Mus musculus
GSM5935638,GSE198006,Human embryonic stem cell H1,H-1,CVCL_N541,Mus musculus
GSM5935639,GSE198006,Human embryonic stem cell H1,H-1,CVCL_N541,Mus musculus
GSM5935640,GSE198006,Human embryonic stem cell H1,H-1,CVCL_N541,Mus musculus
GSM5935641,GSE198006,Human embryonic stem cell H1,H-1,CVCL_N541,Mus musculus
GSM5935642,GSE198006,Human embryonic stem cell H1,H-1,CVCL_N541,Mus musculus
GSM5935643,GSE198006,Human embryonic stem cell H1,H-1,CVCL_N541,Mus musculus
GSM5935644,GSE198006,Human embryonic stem cell H1,H-1,CVCL_N541,Mus musculus
GSM5935645,GSE198006,Human embryonic stem cell H1,H-1,CVCL_N541,Mus musculus
GSM5935646,GSE198006,Human embryonic stem cell H1,H-1,CVCL_N541,Mus musculus
GSM5935647,GSE198006,Human embryonic stem cell H1,H-1,CVCL_N541,Mus musculus
GSM5935648,GSE198006,Human embryonic stem cell H1,H-1,CVCL_N541,Mus musculus
GSM5935649,GSE198006,Human embryonic stem cell H1,H-1,CVCL_N541,Mus musculus
GSM5935650,GSE198006,Human embryonic stem cell H1,H-1,CVCL_N541,Mus musculus
GSM1695215,GSE69200,H1,H-1,CVCL_N541,Mus musculus
GSM1695216,GSE69200,H1,H-1,CVCL_N541,Mus musculus
GSM1202656,GSE49613,MDA-LM2-shTARBP2,LM2,CVCL_5V02,Mus musculus
GSM1202657,GSE49613,MDA-LM2-shTARBP2,LM2,CVCL_5V02,Mus musculus
GSM1202658,GSE49613,MDA-LM2-shTARBP2,LM2,CVCL_5V02,Mus musculus
GSM1202659,GSE49613,MDA-LM2-shTARBP2,LM2,CVCL_5V02,Mus musculus
GSM1202660,GSE49613,MDA-LM2-shTARBP2,LM2,CVCL_5V02,Mus musculus
GSM1202661,GSE49613,MDA-LM2-shTARBP2,LM2,CVCL_5V02,Mus musculus
GSM1202662,GSE49613,MDA-LM2-shTARBP2 cell-line,LM2,CVCL_5V02,Mus musculus
GSM1202663,GSE49613,MDA-LM2-shTARBP2,LM2,CVCL_5V02,Mus musculus
GSM4284328,GSE144241,Human embryonic stem cell H1,H-1,CVCL_N541,Mus musculus
GSM4284329,GSE144241,Human embryonic stem cell H1,H-1,CVCL_N541,Mus musculus
GSM4284330,GSE144241,Human embryonic stem cell H1,H-1,CVCL_N541,Mus musculus
GSM4284331,GSE144241,Human embryonic stem cell H1,H-1,CVCL_N541,Mus musculus
GSM4284332,GSE144241,Human embryonic stem cell H1,H-1,CVCL_N541,Mus musculus
GSM4284333,GSE144241,Human embryonic stem cell H1,H-1,CVCL_N541,Mus musculus
GSM4284334,GSE144241,Human embryonic stem cell H1,H-1,CVCL_N541,Mus musculus
GSM2650409,GSE99699,M4 cells,B2905,CVCL_B0CG,Mus musculus
GSM2650410,GSE99699,M4 cells,B2905,CVCL_B0CG,Mus musculus
GSM2650411,GSE99699,M4 cells,B2905,CVCL_B0CG,Mus musculus
GSM2650412,GSE99699,M4 cells,B2905,CVCL_B0CG,Mus musculus
GSM2650413,GSE99699,M4 cells,B2905,CVCL_B0CG,Mus musculus
GSM2650414,GSE99699,M4 cells,B2905,CVCL_B0CG,Mus musculus
GSM1037232,GSE42289,hESC H1 cells,H-1,CVCL_N541,Mus musculus
GSM1037233,GSE42289,hESC H1 cells,H-1,CVCL_N541,Mus musculus
GSM1037234,GSE42289,hESC H1 cells,H-1,CVCL_N541,Mus musculus
GSM1037235,GSE42289,hESC H1 cells,H-1,CVCL_N541,Mus musculus
GSM1329688,GSE55107,"Human H1 embryonic stem cell (ESC), in vitro differentiated to NSC",H-1,CVCL_N541,Mus musculus
GSM1329689,GSE55107,"Human H1 embryonic stem cell (ESC), in vitro differentiated to NSC",H-1,CVCL_N541,Mus musculus
GSM1329699,GSE55107,Human H1 embryonic stem cell (ESC),H-1,CVCL_N541,Mus musculus
GSM1329700,GSE55107,Human H1 embryonic stem cell (ESC),H-1,CVCL_N541,Mus musculus
GSM1340077,GSE55603,K1,B16-F10.9.K1,CVCL_E3VS,Mus musculus
GSM1340078,GSE55603,K1,B16-F10.9.K1,CVCL_E3VS,Mus musculus
GSM1329718,GSE55109,"Human two factors (POU5F1, SOX2) induced Pluripotent Cell (iPSC) reprogrammed from CD34+ Cord blood CD34+ Hematopoyetic Stem Cell(HSC) induced Pluripotent Cell (iPSC) population 2",III-2,CVCL_C7S0,Rattus norvegicus
GSM1329719,GSE55109,"Human four factors (POU5F1, SOX2, KLF4, CMYC) induced Pluripotent Cell (iPSC) reprogrammed from CD34+ Cord blood CD34+ Hematopoyetic Stem Cell(HSC) induced Pluripotent Cell (iPSC) population 2",III-2,CVCL_C7S0,Rattus norvegicus
GSM5031771,GSE165341,STO,STO,CVCL_3420,Mus musculus
GSM5031772,GSE165341,STO,STO,CVCL_3420,Mus musculus
GSM5031773,GSE165341,STO,STO,CVCL_3420,Mus musculus
GSM5031774,GSE165341,STO,STO,CVCL_3420,Mus musculus
GSM5031775,GSE165341,STO,STO,CVCL_3420,Mus musculus
GSM5031776,GSE165341,STO,STO,CVCL_3420,Mus musculus
GSM4671368,GSE154453,Human embryonic stem cell H1,H-1,CVCL_N541,Mus musculus
GSM5057424,GSE165892,H1 hESC cell line,H-1,CVCL_N541,Mus musculus
GSM5057425,GSE165892,H1 hESC cell line,H-1,CVCL_N541,Mus musculus
GSM5057426,GSE165892,H1 hESC cell line,H-1,CVCL_N541,Mus musculus
GSM5057427,GSE165892,H1 hESC cell line,H-1,CVCL_N541,Mus musculus
GSM5057428,GSE165892,H1 hESC cell line,H-1,CVCL_N541,Mus musculus
GSM5057429,GSE165892,H1 hESC cell line,H-1,CVCL_N541,Mus musculus
GSM5057430,GSE165892,H1 hESC cell line,H-1,CVCL_N541,Mus musculus
GSM1202585,GSE49609,MDA-LM2 cells,LM2,CVCL_5V02,Mus musculus
GSM1202586,GSE49609,MDA-LM2 cells,LM2,CVCL_5V02,Mus musculus
GSM1202587,GSE49609,MDA-LM2 cells,LM2,CVCL_5V02,Mus musculus
GSM1202588,GSE49609,MDA-LM2 cells,LM2,CVCL_5V02,Mus musculus
GSM1169038,GSE48124,UC7,UC7,CVCL_F801,Mus musculus
GSM1169039,GSE48124,UC7,UC7,CVCL_F801,Mus musculus
GSM1169040,GSE48124,UC7,UC7,CVCL_F801,Mus musculus
GSM1372088,GSE49649,MDA-LM2-shDicer cells,LM2,CVCL_5V02,Mus musculus
GSM1372089,GSE49649,MDA-LM2-shDicer cells,LM2,CVCL_5V02,Mus musculus
GSM1372090,GSE49649,MDA-LM2-shDicer cells,LM2,CVCL_5V02,Mus musculus
GSM1372091,GSE49649,MDA-LM2-shDicer cells,LM2,CVCL_5V02,Mus musculus
GSM1409679,GSE58386,5-FU res Panc03.27,Panc03,CVCL_1U10,Mus musculus
GSM1409680,GSE58386,5-FU res Panc03.27,Panc03,CVCL_1U10,Mus musculus
GSM1409681,GSE58386,5-FU res Panc03.27,Panc03,CVCL_1U10,Mus musculus
GSM1409682,GSE58386,5-FU res Panc03.27,Panc03,CVCL_1U10,Mus musculus
GSM5935651,GSE198007,Human embryonic stem cell H1,H-1,CVCL_N541,Mus musculus
GSM5935652,GSE198007,Human embryonic stem cell H1,H-1,CVCL_N541,Mus musculus
GSM5935653,GSE198007,Human embryonic stem cell H1,H-1,CVCL_N541,Mus musculus
GSM5935654,GSE198007,Human embryonic stem cell H1,H-1,CVCL_N541,Mus musculus
GSM5935655,GSE198007,Human embryonic stem cell H1,H-1,CVCL_N541,Mus musculus
GSM2087961,GSE79202,MDA-LM2 cells,LM2,CVCL_5V02,Mus musculus
GSM2087962,GSE79202,MDA-LM2 cells,LM2,CVCL_5V02,Mus musculus
GSM2087963,GSE79202,MDA-LM2 cells,LM2,CVCL_5V02,Mus musculus
GSM2087964,GSE79202,MDA-LM2 cells,LM2,CVCL_5V02,Mus musculus
GSM1294017,GSE53462,SCC,SCC,CVCL_C0WY,Siniperca chuatsi
GSM1294018,GSE53462,SCC,SCC,CVCL_C0WY,Siniperca chuatsi
GSM1294026,GSE53462,SCC,SCC,CVCL_C0WY,Siniperca chuatsi
GSM1294030,GSE53462,SCC,SCC,CVCL_C0WY,Siniperca chuatsi
GSM1294032,GSE53462,SCC,SCC,CVCL_C0WY,Siniperca chuatsi
GSM995481,GSE40516,Human alveolar epithelial type II (AT2) cells,R-3327-AT-2,CVCL_L303,Rattus norvegicus
GSM995482,GSE40516,Human alveolar epithelial type II (AT2) cells,R-3327-AT-2,CVCL_L303,Rattus norvegicus
GSM995483,GSE40516,Human alveolar epithelial type II (AT2) cells,R-3327-AT-2,CVCL_L303,Rattus norvegicus
GSM995484,GSE40516,Human alveolar epithelial type II (AT2) cells,R-3327-AT-2,CVCL_L303,Rattus norvegicus
GSM995485,GSE40516,Human alveolar epithelial type II (AT2) cells,R-3327-AT-2,CVCL_L303,Rattus norvegicus
GSM995486,GSE40516,Human alveolar epithelial type II (AT2) cells,R-3327-AT-2,CVCL_L303,Rattus norvegicus
GSM995487,GSE40516,Human alveolar epithelial type II (AT2) cells,R-3327-AT-2,CVCL_L303,Rattus norvegicus
GSM995488,GSE40516,Human alveolar epithelial type II (AT2) cells,R-3327-AT-2,CVCL_L303,Rattus norvegicus
GSM995489,GSE40516,Human alveolar epithelial type II (AT2) cells,R-3327-AT-2,CVCL_L303,Rattus norvegicus
GSM995490,GSE40516,Human alveolar epithelial type II (AT2) cells,R-3327-AT-2,CVCL_L303,Rattus norvegicus
GSM995491,GSE40516,Human alveolar epithelial type II (AT2) cells,R-3327-AT-2,CVCL_L303,Rattus norvegicus
GSM995492,GSE40516,Human alveolar epithelial type II (AT2) cells,R-3327-AT-2,CVCL_L303,Rattus norvegicus
GSM995493,GSE40516,Human alveolar epithelial type II (AT2) cells,R-3327-AT-2,CVCL_L303,Rattus norvegicus
GSM995494,GSE40516,Human alveolar epithelial type II (AT2) cells,R-3327-AT-2,CVCL_L303,Rattus norvegicus
GSM995495,GSE40516,Human alveolar epithelial type II (AT2) cells,R-3327-AT-2,CVCL_L303,Rattus norvegicus
GSM995496,GSE40516,Human alveolar epithelial type II (AT2) cells,R-3327-AT-2,CVCL_L303,Rattus norvegicus
GSM995497,GSE40516,Human alveolar epithelial type II (AT2) cells,R-3327-AT-2,CVCL_L303,Rattus norvegicus
GSM995498,GSE40516,Human alveolar epithelial type II (AT2) cells,R-3327-AT-2,CVCL_L303,Rattus norvegicus
GSM995499,GSE40516,Human alveolar epithelial type II (AT2) cells,R-3327-AT-2,CVCL_L303,Rattus norvegicus
GSM995500,GSE40516,Human alveolar epithelial type II (AT2) cells,R-3327-AT-2,CVCL_L303,Rattus norvegicus
GSM995501,GSE40516,Human alveolar epithelial type II (AT2) cells,R-3327-AT-2,CVCL_L303,Rattus norvegicus
GSM995502,GSE40516,Human alveolar epithelial type II (AT2) cells,R-3327-AT-2,CVCL_L303,Rattus norvegicus
GSM995503,GSE40516,Human alveolar epithelial type II (AT2) cells,R-3327-AT-2,CVCL_L303,Rattus norvegicus
GSM995504,GSE40516,Human alveolar epithelial type II (AT2) cells,R-3327-AT-2,CVCL_L303,Rattus norvegicus
GSM1552677,GSE63562,MDA-LM2,LM2,CVCL_5V02,Mus musculus
GSM1552678,GSE63562,MDA-LM2,LM2,CVCL_5V02,Mus musculus
GSM1552679,GSE63562,MDA-LM2,LM2,CVCL_5V02,Mus musculus
GSM1552680,GSE63562,MDA-LM2,LM2,CVCL_5V02,Mus musculus
GSM1552681,GSE63562,MDA-LM2,LM2,CVCL_5V02,Mus musculus
GSM1552682,GSE63562,MDA-LM2,LM2,CVCL_5V02,Mus musculus
GSM1552683,GSE63562,MDA-LM2,LM2,CVCL_5V02,Mus musculus
GSM1552684,GSE63562,MDA-LM2,LM2,CVCL_5V02,Mus musculus
GSM1923332,GSE74580,CA1,CA1,CVCL_B0E5,Mus musculus
GSM1923337,GSE74580,CA1,CA1,CVCL_B0E5,Mus musculus
GSM1923338,GSE74580,CA1,CA1,CVCL_B0E5,Mus musculus
GSM1923339,GSE74580,CA1,CA1,CVCL_B0E5,Mus musculus
GSM2864582,GSE107300,LM,L-M,CVCL_4535,Mus musculus
GSM2864584,GSE107300,LM,L-M,CVCL_4535,Mus musculus
GSM2864587,GSE107300,LM,L-M,CVCL_4535,Mus musculus
GSM1026834,GSE41872,MCF-7-based 2A3-3,2A3A1H,CVCL_J627,Mus musculus
GSM1026835,GSE41872,MCF-7-based 2A3-3,2A3A1H,CVCL_J627,Mus musculus
GSM1026836,GSE41872,MCF-7-based 2A3-3,2A3A1H,CVCL_J627,Mus musculus
GSM1026837,GSE41872,MCF-7-based 2A3-3,2A3A1H,CVCL_J627,Mus musculus
GSM5702504,GSE189492,KG1,B16-F10.9.KG1,CVCL_E3VV,Mus musculus
GSM5702505,GSE189492,KG1,B16-F10.9.KG1,CVCL_E3VV,Mus musculus
GSM5702506,GSE189492,KG1,B16-F10.9.KG1,CVCL_E3VV,Mus musculus
GSM945643,GSE38569,Alveolar Epithelial type 2 (AT2 cell),R-3327-AT-2,CVCL_L303,Rattus norvegicus
GSM945644,GSE38569,Alveolar Epithelial type 2 (AT2 cell),R-3327-AT-2,CVCL_L303,Rattus norvegicus
GSM945645,GSE38569,Alveolar Epithelial type 2 (AT2 cell),R-3327-AT-2,CVCL_L303,Rattus norvegicus
GSM945646,GSE38569,Alveolar Epithelial type 2 (AT2 cell),R-3327-AT-2,CVCL_L303,Rattus norvegicus
GSM945647,GSE38569,Alveolar Epithelial type 2 (AT2 cell),R-3327-AT-2,CVCL_L303,Rattus norvegicus
GSM945648,GSE38569,Alveolar Epithelial type 2 (AT2 cell),R-3327-AT-2,CVCL_L303,Rattus norvegicus
GSM945649,GSE38569,Alveolar Epithelial type 2 (AT2 cell),R-3327-AT-2,CVCL_L303,Rattus norvegicus
GSM945650,GSE38569,Alveolar Epithelial type 2 (AT2 cell),R-3327-AT-2,CVCL_L303,Rattus norvegicus
GSM945651,GSE38569,Alveolar Epithelial type 2 (AT2 cell),R-3327-AT-2,CVCL_L303,Rattus norvegicus
GSM945652,GSE38569,Alveolar Epithelial type 2 (AT2 cell),R-3327-AT-2,CVCL_L303,Rattus norvegicus
GSM945653,GSE38569,Alveolar Epithelial type 2 (AT2 cell),R-3327-AT-2,CVCL_L303,Rattus norvegicus
GSM945654,GSE38569,Alveolar Epithelial type 2 (AT2 cell),R-3327-AT-2,CVCL_L303,Rattus norvegicus
GSM945655,GSE38569,Alveolar Epithelial type 2 (AT2 cell),R-3327-AT-2,CVCL_L303,Rattus norvegicus
GSM945656,GSE38569,Alveolar Epithelial type 2 (AT2 cell),R-3327-AT-2,CVCL_L303,Rattus norvegicus
GSM945657,GSE38569,Alveolar Epithelial type 2 (AT2 cell),R-3327-AT-2,CVCL_L303,Rattus norvegicus
GSM945658,GSE38569,Alveolar Epithelial type 2 (AT2 cell),R-3327-AT-2,CVCL_L303,Rattus norvegicus
GSM945659,GSE38569,Alveolar Epithelial type 2 (AT2 cell),R-3327-AT-2,CVCL_L303,Rattus norvegicus
GSM1645726,GSE67383,Neural rosettes,HNK-1,CVCL_D293,Mus musculus
GSM1645727,GSE67383,Neural rosettes,HNK-1,CVCL_D293,Mus musculus
GSM1645728,GSE67383,Neural rosettes,HNK-1,CVCL_D293,Mus musculus
GSM1645735,GSE67383,p75+HNK1+ cells from neural rosettes,HNK-1,CVCL_D293,Mus musculus
GSM1645736,GSE67383,p75+HNK1+ cells from neural rosettes,HNK-1,CVCL_D293,Mus musculus
GSM1645737,GSE67383,p75+HNK1+ cells from neural rosettes,HNK-1,CVCL_D293,Mus musculus
GSM1202607,GSE49612,MDA-LM2 cells,LM2,CVCL_5V02,Mus musculus
GSM1202608,GSE49612,MDA-LM2 cells,LM2,CVCL_5V02,Mus musculus
GSM1202609,GSE49612,MDA-LM2 cells,LM2,CVCL_5V02,Mus musculus
GSM1202610,GSE49612,MDA-LM2 cells,LM2,CVCL_5V02,Mus musculus
GSM1202611,GSE49612,MDA-LM2 cells,LM2,CVCL_5V02,Mus musculus
GSM1202612,GSE49612,MDA-LM2 cells,LM2,CVCL_5V02,Mus musculus
GSM1202613,GSE49612,MDA-LM2 cells,LM2,CVCL_5V02,Mus musculus
GSM1202614,GSE49612,MDA-LM2 cells,LM2,CVCL_5V02,Mus musculus
GSM1694224,GSE69165,CLL-like Mec-1 cell line,GM-20,CVCL_F939,Mus musculus
GSM1694225,GSE69165,CLL-like Mec-1 cell line,GM-20,CVCL_F939,Mus musculus
GSM1694226,GSE69165,CLL-like Mec-1 cell line,GM-20,CVCL_F939,Mus musculus
GSM1694227,GSE69165,Mec-1,GM-20,CVCL_F939,Mus musculus
GSM1694228,GSE69165,Mec-1,GM-20,CVCL_F939,Mus musculus
GSM1694229,GSE69165,Mec-1,GM-20,CVCL_F939,Mus musculus
GSM1202593,GSE49611,MDA-LM2 cells,LM2,CVCL_5V02,Mus musculus
GSM1202594,GSE49611,MDA-LM2 cells,LM2,CVCL_5V02,Mus musculus
GSM1202595,GSE49611,MDA-LM2 cells,LM2,CVCL_5V02,Mus musculus
GSM1202596,GSE49611,MDA-LM2 cells,LM2,CVCL_5V02,Mus musculus
GSM1525705,GSE62356,brain; GSC,Brain; GSC,CVCL_M752,Epinephelus akaara
GSM1525707,GSE62356,GSC,GSC,CVCL_M752,Epinephelus akaara
GSM18850,GSE1133,DRG,DrG,CVCL_IX16,Danio rerio
GSM18851,GSE1133,DRG,DrG,CVCL_IX16,Danio rerio
GSM1564114,GSE64083,Burkitt Lymphoma,CHOP,CVCL_4702,Cricetulus griseus
GSM1670091,GSE68379,MEC-1,GM-20,CVCL_F939,Mus musculus
GSM1670092,GSE68379,MEC-2,GM-70,CVCL_F940,Mus musculus
GSM1670134,GSE68379,MS-1,Mile Sven 1,CVCL_6502,Mus musculus
GSM1933851,GSE74797,SCC VII,SCC,CVCL_C0WY,Siniperca chuatsi
GSM1933852,GSE74797,SCC VII,SCC,CVCL_C0WY,Siniperca chuatsi
GSM1933853,GSE74797,SCC VII,SCC,CVCL_C0WY,Siniperca chuatsi
GSM1933854,GSE74797,SCC VII,SCC,CVCL_C0WY,Siniperca chuatsi
GSM1933855,GSE74797,SCC VII,SCC,CVCL_C0WY,Siniperca chuatsi
GSM1933856,GSE74797,SCC,SCC,CVCL_C0WY,Siniperca chuatsi
GSM1933857,GSE74797,SCC VII,SCC,CVCL_C0WY,Siniperca chuatsi
GSM1933858,GSE74797,SCC,SCC,CVCL_C0WY,Siniperca chuatsi
GSM2027171,GSE76503,C6,C40210,CVCL_1G35,Pan troglodytes
GSM2027183,GSE76503,C6,C40210,CVCL_1G35,Pan troglodytes
GSM2051701,GSE70460,M,DM87,CVCL_9126,Muntiacus muntjak
GSM1633614,GSE66872,Renal Carcinoma,RenCa,CVCL_2174,Mus musculus
GSM2428767,GSE92378,Burkitt Lymphoma cell line 373,B65,CVCL_4113,Rattus norvegicus
GSM2428771,GSE92378,Burkitt Lymphoma cell line B65,B65,CVCL_4113,Rattus norvegicus
GSM2428780,GSE92378,Burkitt Lymphoma cell line BL56,B65,CVCL_4113,Rattus norvegicus
GSM1944176,GSE75153,TO_MB47,HL130C2.3C5,CVCL_A2IL,Mus musculus
GSM1944178,GSE75153,TO_MB49,MB49,CVCL_7076,Mus musculus
GSM1662018,GSE68060,ESP,ESP,CVCL_A2ZZ,Ovis aries
GSM1662033,GSE68060,ESP,ESP,CVCL_A2ZZ,Ovis aries
GSM1662036,GSE68060,ESP,ESP,CVCL_A2ZZ,Ovis aries
GSM1662041,GSE68060,ESP,ESP,CVCL_A2ZZ,Ovis aries
GSM1662042,GSE68060,ESP,ESP,CVCL_A2ZZ,Ovis aries
GSM1662049,GSE68060,ESP,ESP,CVCL_A2ZZ,Ovis aries
GSM1662057,GSE68060,ESP,ESP,CVCL_A2ZZ,Ovis aries
GSM1662066,GSE68060,ESP,ESP,CVCL_A2ZZ,Ovis aries
GSM1662081,GSE68060,ESP,ESP,CVCL_A2ZZ,Ovis aries
GSM1662086,GSE68060,ESP,ESP,CVCL_A2ZZ,Ovis aries
GSM1662089,GSE68060,ESP,ESP,CVCL_A2ZZ,Ovis aries
GSM1662096,GSE68060,ESP,ESP,CVCL_A2ZZ,Ovis aries
GSM1662102,GSE68060,ESP,ESP,CVCL_A2ZZ,Ovis aries
GSM1662103,GSE68060,ESP,ESP,CVCL_A2ZZ,Ovis aries
GSM1903630,GSE73801,MB,MB,CVCL_5M21,Mesocricetus auratus
GSM1903631,GSE73801,MB,MB,CVCL_5M21,Mesocricetus auratus
GSM1903632,GSE73801,MB,MB,CVCL_5M21,Mesocricetus auratus
GSM1903633,GSE73801,MB,MB,CVCL_5M21,Mesocricetus auratus
GSM1903634,GSE73801,MB,MB,CVCL_5M21,Mesocricetus auratus
GSM1903635,GSE73801,MB,MB,CVCL_5M21,Mesocricetus auratus
GSM1903636,GSE73801,MB,MB,CVCL_5M21,Mesocricetus auratus
GSM1903637,GSE73801,MB,MB,CVCL_5M21,Mesocricetus auratus
GSM1903638,GSE73801,MB,MB,CVCL_5M21,Mesocricetus auratus
GSM1903639,GSE73801,MB,MB,CVCL_5M21,Mesocricetus auratus
GSM1903640,GSE73801,MB,MB,CVCL_5M21,Mesocricetus auratus
GSM1903641,GSE73801,MB,MB,CVCL_5M21,Mesocricetus auratus
GSM1903642,GSE73801,MB,MB,CVCL_5M21,Mesocricetus auratus
GSM1903643,GSE73801,MB,MB,CVCL_5M21,Mesocricetus auratus
GSM1903644,GSE73801,MB,MB,CVCL_5M21,Mesocricetus auratus
GSM1903645,GSE73801,MB,MB,CVCL_5M21,Mesocricetus auratus
GSM1903646,GSE73801,MB,MB,CVCL_5M21,Mesocricetus auratus
GSM1903647,GSE73801,MB,MB,CVCL_5M21,Mesocricetus auratus
GSM1903648,GSE73801,MB,MB,CVCL_5M21,Mesocricetus auratus
GSM1903649,GSE73801,MB,MB,CVCL_5M21,Mesocricetus auratus
GSM1903650,GSE73801,MB,MB,CVCL_5M21,Mesocricetus auratus
GSM1903651,GSE73801,MB,MB,CVCL_5M21,Mesocricetus auratus
GSM1903652,GSE73801,MB,MB,CVCL_5M21,Mesocricetus auratus
GSM1903653,GSE73801,MB,MB,CVCL_5M21,Mesocricetus auratus
GSM1903654,GSE73801,MB,MB,CVCL_5M21,Mesocricetus auratus
GSM1903655,GSE73801,MB,MB,CVCL_5M21,Mesocricetus auratus
GSM1903656,GSE73801,MB,MB,CVCL_5M21,Mesocricetus auratus
GSM1903657,GSE73801,MB,MB,CVCL_5M21,Mesocricetus auratus
GSM1903658,GSE73801,MB,MB,CVCL_5M21,Mesocricetus auratus
GSM1903659,GSE73801,MB,MB,CVCL_5M21,Mesocricetus auratus
GSM1903660,GSE73801,MB,MB,CVCL_5M21,Mesocricetus auratus
GSM1903661,GSE73801,MB,MB,CVCL_5M21,Mesocricetus auratus
GSM1903662,GSE73801,MB,MB,CVCL_5M21,Mesocricetus auratus
GSM1903663,GSE73801,MB,MB,CVCL_5M21,Mesocricetus auratus
GSM1903664,GSE73801,MB,MB,CVCL_5M21,Mesocricetus auratus
GSM1903665,GSE73801,MB,MB,CVCL_5M21,Mesocricetus auratus
GSM1903666,GSE73801,MB,MB,CVCL_5M21,Mesocricetus auratus
GSM1903667,GSE73801,MB,MB,CVCL_5M21,Mesocricetus auratus
GSM1903668,GSE73801,MB,MB,CVCL_5M21,Mesocricetus auratus
GSM1903669,GSE73801,MB,MB,CVCL_5M21,Mesocricetus auratus
GSM1903670,GSE73801,MB,MB,CVCL_5M21,Mesocricetus auratus
GSM1903671,GSE73801,MB,MB,CVCL_5M21,Mesocricetus auratus
GSM1903672,GSE73801,MB,MB,CVCL_5M21,Mesocricetus auratus
GSM1903673,GSE73801,MB,MB,CVCL_5M21,Mesocricetus auratus
GSM1903674,GSE73801,MB,MB,CVCL_5M21,Mesocricetus auratus
GSM1903675,GSE73801,MB,MB,CVCL_5M21,Mesocricetus auratus
GSM1903769,GSE73801,MB,MB,CVCL_5M21,Mesocricetus auratus
GSM1903770,GSE73801,MB,MB,CVCL_5M21,Mesocricetus auratus
GSM1903771,GSE73801,MB,MB,CVCL_5M21,Mesocricetus auratus
GSM2029675,GSE76639,Gonad,GON,CVCL_WY78,Cyprinus carpio
GSM2029725,GSE76639,Gonad,GON,CVCL_WY78,Cyprinus carpio
GSM2029732,GSE76639,Gonad,GON,CVCL_WY78,Cyprinus carpio
GSM2029735,GSE76639,Gonad,GON,CVCL_WY78,Cyprinus carpio
GSM2029738,GSE76639,Gonad,GON,CVCL_WY78,Cyprinus carpio
GSM2388537,GSE89776,ES line; H1 cell line,Cell Line; H-1,CVCL_N541,Mus musculus
GSM2872752,GSE107624,Nasal Mucosa; BSC,Nasal Mucosa; BSC,CVCL_M116,Rattus norvegicus
GSM2872755,GSE107624,Nasal Mucosa; BSC,Nasal Mucosa; BSC,CVCL_M116,Rattus norvegicus
GSM2872756,GSE107624,Nasal Mucosa; BSC,Nasal Mucosa; BSC,CVCL_M116,Rattus norvegicus
GSM4192084,GSE140996,W1,CME W1,CVCL_Z789,Drosophila melanogaster
GSM4192085,GSE140996,W1,CME W1,CVCL_Z789,Drosophila melanogaster
GSM4192087,GSE140996,W1,CME W1,CVCL_Z789,Drosophila melanogaster
GSM1906487,GSE73935,primary ovarian cancer W1,CME W1,CVCL_Z789,Drosophila melanogaster
GSM1906488,GSE73935,primary ovarian cancer W1,CME W1,CVCL_Z789,Drosophila melanogaster
GSM1906489,GSE73935,primary ovarian cancer W1,CME W1,CVCL_Z789,Drosophila melanogaster
GSM1906490,GSE73935,primary ovarian cancer W1,CME W1,CVCL_Z789,Drosophila melanogaster
GSM1906491,GSE73935,primary ovarian cancer W1,CME W1,CVCL_Z789,Drosophila melanogaster
GSM1906492,GSE73935,primary ovarian cancer W1,CME W1,CVCL_Z789,Drosophila melanogaster
GSM1906493,GSE73935,primary ovarian cancer W1,CME W1,CVCL_Z789,Drosophila melanogaster
GSM1906494,GSE73935,primary ovarian cancer W1,CME W1,CVCL_Z789,Drosophila melanogaster
GSM1906495,GSE73935,primary ovarian cancer W1,CME W1,CVCL_Z789,Drosophila melanogaster
GSM1906496,GSE73935,primary ovarian cancer W1,CME W1,CVCL_Z789,Drosophila melanogaster
GSM1906497,GSE73935,primary ovarian cancer W1,CME W1,CVCL_Z789,Drosophila melanogaster
GSM1906498,GSE73935,primary ovarian cancer W1,CME W1,CVCL_Z789,Drosophila melanogaster
GSM1906499,GSE73935,primary ovarian cancer W1,CME W1,CVCL_Z789,Drosophila melanogaster
GSM1906500,GSE73935,primary ovarian cancer W1,CME W1,CVCL_Z789,Drosophila melanogaster
GSM1906501,GSE73935,primary ovarian cancer W1,CME W1,CVCL_Z789,Drosophila melanogaster
GSM1906502,GSE73935,primary ovarian cancer W1,CME W1,CVCL_Z789,Drosophila melanogaster
GSM1906503,GSE73935,primary ovarian cancer W1,CME W1,CVCL_Z789,Drosophila melanogaster
GSM1906504,GSE73935,primary ovarian cancer W1,CME W1,CVCL_Z789,Drosophila melanogaster
GSM1906505,GSE73935,primary ovarian cancer W1,CME W1,CVCL_Z789,Drosophila melanogaster
GSM1906506,GSE73935,primary ovarian cancer W1,CME W1,CVCL_Z789,Drosophila melanogaster
GSM1906507,GSE73935,primary ovarian cancer W1,CME W1,CVCL_Z789,Drosophila melanogaster
GSM1361654,GSE56445,MDA-MB-231-LM2-4,LM2,CVCL_5V02,Mus musculus
GSM1361655,GSE56445,MDA-MB-231-LM2-4,LM2,CVCL_5V02,Mus musculus
GSM1361656,GSE56445,MDA-MB-231-LM2-4,LM2,CVCL_5V02,Mus musculus
GSM1361648,GSE56445,MDA-MB-231-LM2-4,LM2,CVCL_5V02,Mus musculus
GSM1361649,GSE56445,MDA-MB-231-LM2-4,LM2,CVCL_5V02,Mus musculus
GSM1361650,GSE56445,MDA-MB-231-LM2-4,LM2,CVCL_5V02,Mus musculus
GSM1361651,GSE56445,MDA-MB-231-LM2-4,LM2,CVCL_5V02,Mus musculus
GSM1361652,GSE56445,MDA-MB-231-LM2-4,LM2,CVCL_5V02,Mus musculus
GSM1361653,GSE56445,MDA-MB-231-LM2-4,LM2,CVCL_5V02,Mus musculus
GSM1361645,GSE56445,MDA-MB-231-LM2-4,LM2,CVCL_5V02,Mus musculus
GSM1361646,GSE56445,MDA-MB-231-LM2-4,LM2,CVCL_5V02,Mus musculus
GSM1361647,GSE56445,MDA-MB-231-LM2-4,LM2,CVCL_5V02,Mus musculus
GSM2539353,GSE96743,1205Lu,BLT-1,CVCL_U445,Mus musculus
GSM1649360,GSE67549,A32.4,USP-1,CVCL_Z290,Mus musculus
GSM1649361,GSE67549,A32.4 cell line,USP-1,CVCL_Z290,Mus musculus
GSM2177168,GSE81898,H1 huES cells,H-1,CVCL_N541,Mus musculus
GSM2177169,GSE81898,H1 huES cells,H-1,CVCL_N541,Mus musculus
GSM3120903,GSE113834,Prefrontal Cortex BA8/9,BA8,CVCL_F0HL,Mus musculus
GSM3120904,GSE113834,Prefrontal Cortex BA8/9,BA8,CVCL_F0HL,Mus musculus
GSM3120905,GSE113834,Prefrontal Cortex BA8/9,BA8,CVCL_F0HL,Mus musculus
GSM3120906,GSE113834,Prefrontal Cortex BA8,BA8,CVCL_F0HL,Mus musculus
GSM3120907,GSE113834,Prefrontal Cortex BA8,BA8,CVCL_F0HL,Mus musculus
GSM3120908,GSE113834,Prefrontal Cortex BA8,BA8,CVCL_F0HL,Mus musculus
GSM3120909,GSE113834,Prefrontal Cortex BA8/9,BA8,CVCL_F0HL,Mus musculus
GSM3120910,GSE113834,Prefrontal Cortex BA8/9,BA8,CVCL_F0HL,Mus musculus
GSM3120911,GSE113834,Prefrontal Cortex BA8/9,BA8,CVCL_F0HL,Mus musculus
GSM3120912,GSE113834,Prefrontal Cortex BA8/9,BA8,CVCL_F0HL,Mus musculus
GSM3120913,GSE113834,Prefrontal Cortex BA8/9,BA8,CVCL_F0HL,Mus musculus
GSM3120914,GSE113834,Prefrontal Cortex BA8/9,BA8,CVCL_F0HL,Mus musculus
GSM3120921,GSE113834,Prefrontal Cortex BA8/9,BA8,CVCL_F0HL,Mus musculus
GSM3120922,GSE113834,Prefrontal Cortex BA8/9,BA8,CVCL_F0HL,Mus musculus
GSM3120923,GSE113834,Prefrontal Cortex BA8/9,BA8,CVCL_F0HL,Mus musculus
GSM3120924,GSE113834,Prefrontal Cortex BA8,BA8,CVCL_F0HL,Mus musculus
GSM3120925,GSE113834,Prefrontal Cortex BA8,BA8,CVCL_F0HL,Mus musculus
GSM3120926,GSE113834,Prefrontal Cortex BA8,BA8,CVCL_F0HL,Mus musculus
GSM921460,GSE37547,Corrected HD-iPSC line C127,C127,CVCL_6550,Mus musculus
GSM4216251,GSE141914,MC-4,MC3T3-E1 Subclone 4,CVCL_5440,Mus musculus
GSM4216252,GSE141914,MC-4,MC3T3-E1 Subclone 4,CVCL_5440,Mus musculus
GSM1639705,GSE67125,LM5 cell line,LM5,CVCL_C3BJ,Rattus norvegicus
GSM2443029,GSE93054,GSC,GSC,CVCL_M752,Epinephelus akaara
GSM2443028,GSE93054,brain; GSC,Brain; GSC,CVCL_M752,Epinephelus akaara
GSM2443031,GSE93054,GSC,GSC,CVCL_M752,Epinephelus akaara
GSM2443030,GSE93054,brain; GSC,Brain; GSC,CVCL_M752,Epinephelus akaara
GSM1606623,GSE65806,HSC-F macaca fasicularis immortalized CD4+ T cell line,HSC-F,CVCL_5485,Macaca fascicularis
GSM1606624,GSE65806,HSC-F macaca fasicularis immortalized CD4+ T cell line,HSC-F,CVCL_5485,Macaca fascicularis
GSM1606625,GSE65806,HSC-F macaca fasicularis immortalized CD4+ T cell line,HSC-F,CVCL_5485,Macaca fascicularis
GSM1606629,GSE65806,HSC-F CD4+ T cell line,HSC-F,CVCL_5485,Macaca fascicularis
GSM1606630,GSE65806,HSC-F,HSC-F,CVCL_5485,Macaca fascicularis
GSM1606631,GSE65806,HSC-F CD4+ T cell line,HSC-F,CVCL_5485,Macaca fascicularis
GSM1606626,GSE65806,HSC-F CD4+ T cell line,HSC-F,CVCL_5485,Macaca fascicularis
GSM1606627,GSE65806,HSC-F CD4+ T cell line,HSC-F,CVCL_5485,Macaca fascicularis
GSM1606628,GSE65806,HSC-F CD4+ T cell line,HSC-F,CVCL_5485,Macaca fascicularis
GSM2849369,GSE106721,CA2 embryonic stem cells,CA2,CVCL_E5RM,Mus musculus
GSM2849368,GSE106721,CA2 embryonic stem cells,CA2,CVCL_E5RM,Mus musculus
GSM2849365,GSE106721,CA2 embryonic stem cells,CA2,CVCL_E5RM,Mus musculus
GSM2849366,GSE106721,CA2 embryonic stem cells,CA2,CVCL_E5RM,Mus musculus
GSM2849367,GSE106721,CA2 embryonic stem cells,CA2,CVCL_E5RM,Mus musculus
GSM6755364,GSE218705,Hap1,HAP-1,CVCL_5G07,Mus musculus
GSM6755365,GSE218705,Hap1,HAP-1,CVCL_5G07,Mus musculus
GSM6755362,GSE218705,Hap1 cell line,HAP-1,CVCL_5G07,Mus musculus
GSM6755363,GSE218705,Hap1 cell line,HAP-1,CVCL_5G07,Mus musculus
GSM2849460,GSE106726,C46,C-1300 clone C46,CVCL_VU15,Mus musculus
GSM2849461,GSE106726,C46,C-1300 clone C46,CVCL_VU15,Mus musculus
GSM2068775,GSE78174,Chronic lymphocytic leukemia cell line MEC-1,GM-20,CVCL_F939,Mus musculus
GSM2068776,GSE78174,Chronic lymphocytic leukemia cell line MEC-1,GM-20,CVCL_F939,Mus musculus
GSM2068777,GSE78174,Chronic lymphocytic leukemia cell line MEC-1,GM-20,CVCL_F939,Mus musculus
GSM2068778,GSE78174,Chronic lymphocytic leukemia cell line MEC-1,GM-20,CVCL_F939,Mus musculus
GSM2068779,GSE78174,MEC-1,GM-20,CVCL_F939,Mus musculus
GSM2068780,GSE78174,MEC-1,GM-20,CVCL_F939,Mus musculus
GSM2068781,GSE78174,MEC-1,GM-20,CVCL_F939,Mus musculus
GSM2068782,GSE78174,MEC-1,GM-20,CVCL_F939,Mus musculus
GSM2068783,GSE78174,MEC-1,GM-20,CVCL_F939,Mus musculus
GSM2069578,GSE78207,chronic lymphocytic leukemia cell line MEC-1,GM-20,CVCL_F939,Mus musculus
GSM2069579,GSE78207,chronic lymphocytic leukemia cell line MEC-1,GM-20,CVCL_F939,Mus musculus
GSM2069580,GSE78207,chronic lymphocytic leukemia cell line MEC-1,GM-20,CVCL_F939,Mus musculus
GSM2069581,GSE78207,MEC-1,GM-20,CVCL_F939,Mus musculus
GSM2069582,GSE78207,MEC-1,GM-20,CVCL_F939,Mus musculus
GSM2069583,GSE78207,MEC-1,GM-20,CVCL_F939,Mus musculus
GSM1143120,GSE47026,Human Mad2 and Max,MAD2,CVCL_E5I5,Mus musculus
GSM1208292,GSE49855,C2C12,C2C12,CVCL_0188,Mus musculus
GSM1208293,GSE49855,C2C12,C2C12,CVCL_0188,Mus musculus
GSM4042094,GSE136172,J-Lat 5A8 Cells,CPTC-SVIL-3,CVCL_YI19,Mus musculus
GSM4042095,GSE136172,J-Lat 5A8 Cells,CPTC-SVIL-3,CVCL_YI19,Mus musculus
GSM4042096,GSE136172,J-Lat 5A8 Cells,CPTC-SVIL-3,CVCL_YI19,Mus musculus
GSM4042097,GSE136172,J-Lat 5A8 Cells,CPTC-SVIL-3,CVCL_YI19,Mus musculus
GSM4042098,GSE136172,J-Lat 5A8 Cells,CPTC-SVIL-3,CVCL_YI19,Mus musculus
GSM4042099,GSE136172,J-Lat 5A8 Cells,CPTC-SVIL-3,CVCL_YI19,Mus musculus
GSM4042100,GSE136172,J-Lat 5A8 Cells,CPTC-SVIL-3,CVCL_YI19,Mus musculus
GSM4042101,GSE136172,J-Lat 5A8 Cells,CPTC-SVIL-3,CVCL_YI19,Mus musculus
GSM4042102,GSE136172,J-Lat 5A8 Cells,CPTC-SVIL-3,CVCL_YI19,Mus musculus
GSM4042103,GSE136172,J-Lat 5A8 Cells,CPTC-SVIL-3,CVCL_YI19,Mus musculus
GSM4042104,GSE136172,J-Lat 5A8 Cells,CPTC-SVIL-3,CVCL_YI19,Mus musculus
GSM4042105,GSE136172,J-Lat 5A8 Cells,CPTC-SVIL-3,CVCL_YI19,Mus musculus
GSM1638619,GSE67088,YDFR.SL3,Schneider 3,CVCL_Z233,Drosophila melanogaster
GSM1638620,GSE67088,YDFR.SL3,Schneider 3,CVCL_Z233,Drosophila melanogaster
GSM2045730,GSE77191,CML-1,CML-1,CVCL_0D19,Canis lupus familiaris
GSM2405938,GSE90518,C6,C40210,CVCL_1G35,Pan troglodytes
GSM4386244,GSE146462,CPG,CPG,CVCL_1G78,Channa punctata
GSM2199306,GSE83310,differentiated AT2 cells,R-3327-AT-2,CVCL_L303,Rattus norvegicus
GSM1516040,GSE61871,OP9-GFP,OP9/G,CVCL_B217,Mus musculus
GSM1516041,GSE61871,OP9-GFP,OP9/G,CVCL_B217,Mus musculus
GSM1516042,GSE61871,OP9-GFP,OP9/G,CVCL_B217,Mus musculus
GSM1516043,GSE61871,OP9-GFP,OP9/G,CVCL_B217,Mus musculus
GSM554355,GSE22278,927,927,CVCL_B5N6,Mus musculus;Rattus norvegicus
GSM6736639,GSE218214,CAF,CAF,CVCL_R883,Carassius auratus
GSM6736640,GSE218214,CAF,CAF,CVCL_R883,Carassius auratus
GSM6736641,GSE218214,CAF,CAF,CVCL_R883,Carassius auratus
GSM6736642,GSE218214,CAF,CAF,CVCL_R883,Carassius auratus
GSM6736643,GSE218214,CAF,CAF,CVCL_R883,Carassius auratus
GSM6736644,GSE218214,CAF,CAF,CVCL_R883,Carassius auratus
GSM6736645,GSE218214,CAF,CAF,CVCL_R883,Carassius auratus
GSM6736646,GSE218214,CAF,CAF,CVCL_R883,Carassius auratus
GSM6736647,GSE218214,CAF,CAF,CVCL_R883,Carassius auratus
GSM6736648,GSE218214,CAF,CAF,CVCL_R883,Carassius auratus
GSM6736649,GSE218214,CAF,CAF,CVCL_R883,Carassius auratus
GSM6736650,GSE218214,CAF,CAF,CVCL_R883,Carassius auratus
GSM5898197,GSE196689,P9,P9,CVCL_B6EF,Rattus norvegicus
GSM5898198,GSE196689,P9,P9,CVCL_B6EF,Rattus norvegicus
GSM5898199,GSE196689,P9,P9,CVCL_B6EF,Rattus norvegicus
GSM5898200,GSE196689,P9,P9,CVCL_B6EF,Rattus norvegicus
GSM5898201,GSE196689,P9,P9,CVCL_B6EF,Rattus norvegicus
GSM5898202,GSE196689,P9,P9,CVCL_B6EF,Rattus norvegicus
GSM5898203,GSE196689,P9,P9,CVCL_B6EF,Rattus norvegicus
GSM5898204,GSE196689,P9,P9,CVCL_B6EF,Rattus norvegicus
GSM5898205,GSE196689,P9,P9,CVCL_B6EF,Rattus norvegicus
GSM5898206,GSE196689,P9,P9,CVCL_B6EF,Rattus norvegicus
GSM5898207,GSE196689,P9,P9,CVCL_B6EF,Rattus norvegicus
GSM5898208,GSE196689,P9,P9,CVCL_B6EF,Rattus norvegicus
GSM5898209,GSE196689,P9,P9,CVCL_B6EF,Rattus norvegicus
GSM5898210,GSE196689,P9,P9,CVCL_B6EF,Rattus norvegicus
GSM5322289,GSE174673,MCF10.AT1,R-3327-AT-1,CVCL_3568,Rattus norvegicus
GSM5322290,GSE174673,MCF10.AT1,R-3327-AT-1,CVCL_3568,Rattus norvegicus
GSM5322291,GSE174673,MCF10.AT1,R-3327-AT-1,CVCL_3568,Rattus norvegicus
GSM5322292,GSE174673,MCF10.AT1-R,R-3327-AT-1,CVCL_3568,Rattus norvegicus
GSM5322293,GSE174673,MCF10.AT1-R,R-3327-AT-1,CVCL_3568,Rattus norvegicus
GSM5322294,GSE174673,MCF10.AT1-R,R-3327-AT-1,CVCL_3568,Rattus norvegicus
GSM7089589,GSE226993,M,DM87,CVCL_9126,Muntiacus muntjak
GSM7089677,GSE226993,M,DM87,CVCL_9126,Muntiacus muntjak
GSM5866622,GSE196261,Li-7 cells,LI-7,CVCL_F1IS,Mus musculus
GSM5866623,GSE196261,Li-7,LI-7,CVCL_F1IS,Mus musculus
GSM4611915,GSE152299,9C,LSQC-9C,CVCL_T637,Coturnix japonica
GSM4611916,GSE152299,9C,LSQC-9C,CVCL_T637,Coturnix japonica
GSM4611917,GSE152299,9C,LSQC-9C,CVCL_T637,Coturnix japonica
GSM4611925,GSE152299,9C,LSQC-9C,CVCL_T637,Coturnix japonica
GSM704110,GSE25219,OFC,OFC,CVCL_A3AI,Ovis aries
GSM704302,GSE25219,OFC,OFC,CVCL_A3AI,Ovis aries
GSM704303,GSE25219,OFC,OFC,CVCL_A3AI,Ovis aries
GSM704329,GSE25219,OFC,OFC,CVCL_A3AI,Ovis aries
GSM704330,GSE25219,OFC,OFC,CVCL_A3AI,Ovis aries
GSM704423,GSE25219,OFC,OFC,CVCL_A3AI,Ovis aries
GSM704454,GSE25219,OFC,OFC,CVCL_A3AI,Ovis aries
GSM704485,GSE25219,OFC,OFC,CVCL_A3AI,Ovis aries
GSM704797,GSE25219,OFC,OFC,CVCL_A3AI,Ovis aries
GSM705084,GSE25219,OFC,OFC,CVCL_A3AI,Ovis aries
GSM705117,GSE25219,OFC,OFC,CVCL_A3AI,Ovis aries
GSM705277,GSE25219,OFC,OFC,CVCL_A3AI,Ovis aries
GSM1440804,GSE59630,OFC,OFC,CVCL_A3AI,Ovis aries
GSM1440814,GSE59630,OFC,OFC,CVCL_A3AI,Ovis aries
GSM1440823,GSE59630,OFC,OFC,CVCL_A3AI,Ovis aries
GSM1440838,GSE59630,OFC,OFC,CVCL_A3AI,Ovis aries
GSM1440844,GSE59630,OFC,OFC,CVCL_A3AI,Ovis aries
GSM1440851,GSE59630,OFC,OFC,CVCL_A3AI,Ovis aries
GSM1440862,GSE59630,OFC,OFC,CVCL_A3AI,Ovis aries
GSM1440872,GSE59630,OFC,OFC,CVCL_A3AI,Ovis aries
GSM1440881,GSE59630,OFC,OFC,CVCL_A3AI,Ovis aries
GSM1440896,GSE59630,OFC,OFC,CVCL_A3AI,Ovis aries
GSM1440902,GSE59630,OFC,OFC,CVCL_A3AI,Ovis aries
GSM1440909,GSE59630,OFC,OFC,CVCL_A3AI,Ovis aries
GSM1499508,GSE61203,A2,A-2,CVCL_1939,Xiphophorus xiphidium
GSM1499509,GSE61203,A2,A-2,CVCL_1939,Xiphophorus xiphidium
GSM1499510,GSE61203,A2,A-2,CVCL_1939,Xiphophorus xiphidium
GSM1499511,GSE61203,A2,A-2,CVCL_1939,Xiphophorus xiphidium
GSM1499512,GSE61203,A2,A-2,CVCL_1939,Xiphophorus xiphidium
GSM1499513,GSE61203,A2,A-2,CVCL_1939,Xiphophorus xiphidium
GSM1499514,GSE61203,A2,A-2,CVCL_1939,Xiphophorus xiphidium
GSM1499515,GSE61203,A2,A-2,CVCL_1939,Xiphophorus xiphidium
GSM1499516,GSE61203,A2,A-2,CVCL_1939,Xiphophorus xiphidium
GSM1499517,GSE61203,A2,A-2,CVCL_1939,Xiphophorus xiphidium
GSM1499518,GSE61203,A2,A-2,CVCL_1939,Xiphophorus xiphidium
GSM1499519,GSE61203,A2,A-2,CVCL_1939,Xiphophorus xiphidium
GSM1499520,GSE61203,A2,A-2,CVCL_1939,Xiphophorus xiphidium
GSM1499521,GSE61203,A2,A-2,CVCL_1939,Xiphophorus xiphidium
GSM1499522,GSE61203,A2,A-2,CVCL_1939,Xiphophorus xiphidium
GSM1499523,GSE61203,A2,A-2,CVCL_1939,Xiphophorus xiphidium
GSM1499524,GSE61203,A2,A-2,CVCL_1939,Xiphophorus xiphidium
GSM1499525,GSE61203,A2,A-2,CVCL_1939,Xiphophorus xiphidium
GSM1499526,GSE61203,A2,A-2,CVCL_1939,Xiphophorus xiphidium
GSM1499527,GSE61203,A2,A-2,CVCL_1939,Xiphophorus xiphidium
GSM1499528,GSE61203,A2,A-2,CVCL_1939,Xiphophorus xiphidium
GSM1499529,GSE61203,A2,A-2,CVCL_1939,Xiphophorus xiphidium
GSM1499530,GSE61203,A2,A-2,CVCL_1939,Xiphophorus xiphidium
GSM1499531,GSE61203,A2,A-2,CVCL_1939,Xiphophorus xiphidium
GSM707998,GSE25219,OFC,OFC,CVCL_A3AI,Ovis aries
GSM708615,GSE25219,OFC,OFC,CVCL_A3AI,Ovis aries
GSM708647,GSE25219,OFC,OFC,CVCL_A3AI,Ovis aries
GSM708910,GSE25219,OFC,OFC,CVCL_A3AI,Ovis aries
GSM708911,GSE25219,OFC,OFC,CVCL_A3AI,Ovis aries
GSM709076,GSE25219,OFC,OFC,CVCL_A3AI,Ovis aries
GSM11981,GSE772,BV2,BV-2,CVCL_0182,Mus musculus
GSM11971,GSE772,BV2,BV-2,CVCL_0182,Mus musculus
GSM11982,GSE772,BV2,BV-2,CVCL_0182,Mus musculus
GSM11999,GSE772,BV2,BV-2,CVCL_0182,Mus musculus
GSM11983,GSE772,BV2,BV-2,CVCL_0182,Mus musculus
GSM12000,GSE772,BV2,BV-2,CVCL_0182,Mus musculus
GSM12005,GSE772,BV2,BV-2,CVCL_0182,Mus musculus
GSM12001,GSE772,BV2,BV-2,CVCL_0182,Mus musculus
GSM12006,GSE772,BV2,BV-2,CVCL_0182,Mus musculus
GSM11975,GSE772,BV2,BV-2,CVCL_0182,Mus musculus
GSM12007,GSE772,BV2,BV-2,CVCL_0182,Mus musculus
GSM11976,GSE772,BV2,BV-2,CVCL_0182,Mus musculus
GSM12011,GSE772,BV2,BV-2,CVCL_0182,Mus musculus
GSM11977,GSE772,BV2,BV-2,CVCL_0182,Mus musculus
GSM12012,GSE772,BV2,BV-2,CVCL_0182,Mus musculus
GSM11987,GSE772,BV2,BV-2,CVCL_0182,Mus musculus
GSM12028,GSE772,BV2,BV-2,CVCL_0182,Mus musculus
GSM11989,GSE772,BV2,BV-2,CVCL_0182,Mus musculus
GSM12029,GSE772,BV2,BV-2,CVCL_0182,Mus musculus
GSM12030,GSE772,BV2,BV-2,CVCL_0182,Mus musculus
GSM12023,GSE772,BV2,BV-2,CVCL_0182,Mus musculus
GSM12024,GSE772,BV2,BV-2,CVCL_0182,Mus musculus
GSM12025,GSE772,BV2,BV-2,CVCL_0182,Mus musculus
GSM11993,GSE772,BV2,BV-2,CVCL_0182,Mus musculus
GSM11994,GSE772,BV2,BV-2,CVCL_0182,Mus musculus
GSM11995,GSE772,BV2,BV-2,CVCL_0182,Mus musculus
GSM11963,GSE772,BV2,BV-2,CVCL_0182,Mus musculus
GSM11964,GSE772,BV2,BV-2,CVCL_0182,Mus musculus
GSM11965,GSE772,BV2,BV-2,CVCL_0182,Mus musculus
GSM12017,GSE772,BV2,BV-2,CVCL_0182,Mus musculus
GSM12018,GSE772,BV2,BV-2,CVCL_0182,Mus musculus
GSM12019,GSE772,BV2,BV-2,CVCL_0182,Mus musculus
GSM11969,GSE772,BV2,BV-2,CVCL_0182,Mus musculus
GSM11970,GSE772,BV2,BV-2,CVCL_0182,Mus musculus
GSM12013,GSE772,BV2,BV-2,CVCL_0182,Mus musculus
GSM11988,GSE772,BV2,BV-2,CVCL_0182,Mus musculus
GSM11984,GSE772,BV2,BV-2,CVCL_0182,Mus musculus
GSM11974,GSE772,BV2,BV-2,CVCL_0182,Mus musculus
GSM11985,GSE772,BV2,BV-2,CVCL_0182,Mus musculus
GSM12002,GSE772,BV2,BV-2,CVCL_0182,Mus musculus
GSM11986,GSE772,BV2,BV-2,CVCL_0182,Mus musculus
GSM12003,GSE772,BV2,BV-2,CVCL_0182,Mus musculus
GSM12008,GSE772,BV2,BV-2,CVCL_0182,Mus musculus
GSM12004,GSE772,BV2,BV-2,CVCL_0182,Mus musculus
GSM12009,GSE772,BV2,BV-2,CVCL_0182,Mus musculus
GSM11978,GSE772,BV2,BV-2,CVCL_0182,Mus musculus
GSM12010,GSE772,BV2,BV-2,CVCL_0182,Mus musculus
GSM11979,GSE772,BV2,BV-2,CVCL_0182,Mus musculus
GSM12014,GSE772,BV2,BV-2,CVCL_0182,Mus musculus
GSM11980,GSE772,BV2,BV-2,CVCL_0182,Mus musculus
GSM12015,GSE772,BV2,BV-2,CVCL_0182,Mus musculus
GSM11990,GSE772,BV2,BV-2,CVCL_0182,Mus musculus
GSM12016,GSE772,BV2,BV-2,CVCL_0182,Mus musculus
GSM11991,GSE772,BV2,BV-2,CVCL_0182,Mus musculus
GSM12031,GSE772,BV2,BV-2,CVCL_0182,Mus musculus
GSM11992,GSE772,BV2,BV-2,CVCL_0182,Mus musculus
GSM12032,GSE772,BV2,BV-2,CVCL_0182,Mus musculus
GSM12033,GSE772,BV2,BV-2,CVCL_0182,Mus musculus
GSM12026,GSE772,BV2,BV-2,CVCL_0182,Mus musculus
GSM12027,GSE772,BV2,BV-2,CVCL_0182,Mus musculus
GSM11996,GSE772,BV2,BV-2,CVCL_0182,Mus musculus
GSM11997,GSE772,BV2,BV-2,CVCL_0182,Mus musculus
GSM11998,GSE772,BV2,BV-2,CVCL_0182,Mus musculus
GSM11966,GSE772,BV2,BV-2,CVCL_0182,Mus musculus
GSM11967,GSE772,BV2,BV-2,CVCL_0182,Mus musculus
GSM11968,GSE772,BV2,BV-2,CVCL_0182,Mus musculus
GSM12020,GSE772,BV2,BV-2,CVCL_0182,Mus musculus
GSM12021,GSE772,BV2,BV-2,CVCL_0182,Mus musculus
GSM12022,GSE772,BV2,BV-2,CVCL_0182,Mus musculus
GSM11972,GSE772,BV2,BV-2,CVCL_0182,Mus musculus
GSM11973,GSE772,BV2,BV-2,CVCL_0182,Mus musculus
GSM12125,GSE772,BV2,BV-2,CVCL_0182,Mus musculus
GSM12115,GSE772,BV2,BV-2,CVCL_0182,Mus musculus
GSM12126,GSE772,BV2,BV-2,CVCL_0182,Mus musculus
GSM12144,GSE772,BV2,BV-2,CVCL_0182,Mus musculus
GSM12127,GSE772,BV2,BV-2,CVCL_0182,Mus musculus
GSM12145,GSE772,BV2,BV-2,CVCL_0182,Mus musculus
GSM12150,GSE772,BV2,BV-2,CVCL_0182,Mus musculus
GSM12146,GSE772,BV2,BV-2,CVCL_0182,Mus musculus
GSM12151,GSE772,BV2,BV-2,CVCL_0182,Mus musculus
GSM12119,GSE772,BV2,BV-2,CVCL_0182,Mus musculus
GSM12152,GSE772,BV2,BV-2,CVCL_0182,Mus musculus
GSM12120,GSE772,BV2,BV-2,CVCL_0182,Mus musculus
GSM12156,GSE772,BV2,BV-2,CVCL_0182,Mus musculus
GSM12121,GSE772,BV2,BV-2,CVCL_0182,Mus musculus
GSM12157,GSE772,BV2,BV-2,CVCL_0182,Mus musculus
GSM12132,GSE772,BV2,BV-2,CVCL_0182,Mus musculus
GSM12158,GSE772,BV2,BV-2,CVCL_0182,Mus musculus
GSM12133,GSE772,BV2,BV-2,CVCL_0182,Mus musculus
GSM12174,GSE772,BV2,BV-2,CVCL_0182,Mus musculus
GSM12134,GSE772,BV2,BV-2,CVCL_0182,Mus musculus
GSM12175,GSE772,BV2,BV-2,CVCL_0182,Mus musculus
GSM12176,GSE772,BV2,BV-2,CVCL_0182,Mus musculus
GSM12168,GSE772,BV2,BV-2,CVCL_0182,Mus musculus
GSM12169,GSE772,BV2,BV-2,CVCL_0182,Mus musculus
GSM12170,GSE772,BV2,BV-2,CVCL_0182,Mus musculus
GSM12138,GSE772,BV2,BV-2,CVCL_0182,Mus musculus
GSM12139,GSE772,BV2,BV-2,CVCL_0182,Mus musculus
GSM12140,GSE772,BV2,BV-2,CVCL_0182,Mus musculus
GSM12107,GSE772,BV2,BV-2,CVCL_0182,Mus musculus
GSM12108,GSE772,BV2,BV-2,CVCL_0182,Mus musculus
GSM12109,GSE772,BV2,BV-2,CVCL_0182,Mus musculus
GSM12162,GSE772,BV2,BV-2,CVCL_0182,Mus musculus
GSM12163,GSE772,BV2,BV-2,CVCL_0182,Mus musculus
GSM12164,GSE772,BV2,BV-2,CVCL_0182,Mus musculus
GSM12113,GSE772,BV2,BV-2,CVCL_0182,Mus musculus
GSM12114,GSE772,BV2,BV-2,CVCL_0182,Mus musculus
GSM12129,GSE772,BV2,BV-2,CVCL_0182,Mus musculus
GSM12118,GSE772,BV2,BV-2,CVCL_0182,Mus musculus
GSM12130,GSE772,BV2,BV-2,CVCL_0182,Mus musculus
GSM12147,GSE772,BV2,BV-2,CVCL_0182,Mus musculus
GSM12131,GSE772,BV2,BV-2,CVCL_0182,Mus musculus
GSM12148,GSE772,BV2,BV-2,CVCL_0182,Mus musculus
GSM12153,GSE772,BV2,BV-2,CVCL_0182,Mus musculus
GSM12149,GSE772,BV2,BV-2,CVCL_0182,Mus musculus
GSM12154,GSE772,BV2,BV-2,CVCL_0182,Mus musculus
GSM12122,GSE772,BV2,BV-2,CVCL_0182,Mus musculus
GSM12155,GSE772,BV2,BV-2,CVCL_0182,Mus musculus
GSM12123,GSE772,BV2,BV-2,CVCL_0182,Mus musculus
GSM12159,GSE772,BV2,BV-2,CVCL_0182,Mus musculus
GSM12124,GSE772,BV2,BV-2,CVCL_0182,Mus musculus
GSM12160,GSE772,BV2,BV-2,CVCL_0182,Mus musculus
GSM12135,GSE772,BV2,BV-2,CVCL_0182,Mus musculus
GSM12161,GSE772,BV2,BV-2,CVCL_0182,Mus musculus
GSM12136,GSE772,BV2,BV-2,CVCL_0182,Mus musculus
GSM12177,GSE772,BV2,BV-2,CVCL_0182,Mus musculus
GSM12137,GSE772,BV2,BV-2,CVCL_0182,Mus musculus
GSM12178,GSE772,BV2,BV-2,CVCL_0182,Mus musculus
GSM12179,GSE772,BV2,BV-2,CVCL_0182,Mus musculus
GSM12171,GSE772,BV2,BV-2,CVCL_0182,Mus musculus
GSM12172,GSE772,BV2,BV-2,CVCL_0182,Mus musculus
GSM12173,GSE772,BV2,BV-2,CVCL_0182,Mus musculus
GSM12141,GSE772,BV2,BV-2,CVCL_0182,Mus musculus
GSM12142,GSE772,BV2,BV-2,CVCL_0182,Mus musculus
GSM12143,GSE772,BV2,BV-2,CVCL_0182,Mus musculus
GSM12110,GSE772,BV2,BV-2,CVCL_0182,Mus musculus
GSM12111,GSE772,BV2,BV-2,CVCL_0182,Mus musculus
GSM12112,GSE772,BV2,BV-2,CVCL_0182,Mus musculus
GSM12165,GSE772,BV2,BV-2,CVCL_0182,Mus musculus
GSM12166,GSE772,BV2,BV-2,CVCL_0182,Mus musculus
GSM12167,GSE772,BV2,BV-2,CVCL_0182,Mus musculus
GSM12116,GSE772,BV2,BV-2,CVCL_0182,Mus musculus
GSM12117,GSE772,BV2,BV-2,CVCL_0182,Mus musculus
GSM1915902,GSE74266,H572,H572,CVCL_KB77,Mus musculus
GSM931045,GSE37964,MT45 cells,MT-45-5-3,CVCL_J275,Mus musculus
GSM931046,GSE37964,MT45 cells,MT-45-5-3,CVCL_J275,Mus musculus
GSM931047,GSE37964,MT45 cells,MT-45-5-3,CVCL_J275,Mus musculus
GSM931048,GSE37964,MT45 cells,MT-45-5-3,CVCL_J275,Mus musculus
GSM931049,GSE37964,MT45 cells,MT-45-5-3,CVCL_J275,Mus musculus
GSM931050,GSE37964,MT45 cells,MT-45-5-3,CVCL_J275,Mus musculus
GSM931061,GSE37964,MT45 cells,MT-45-5-3,CVCL_J275,Mus musculus
GSM931062,GSE37964,MT45 cells,MT-45-5-3,CVCL_J275,Mus musculus
GSM931063,GSE37964,MT45 cells,MT-45-5-3,CVCL_J275,Mus musculus
GSM931064,GSE37964,MT45 cells,MT-45-5-3,CVCL_J275,Mus musculus
GSM931065,GSE37964,MT45 cells,MT-45-5-3,CVCL_J275,Mus musculus
GSM931066,GSE37964,MT45 cells,MT-45-5-3,CVCL_J275,Mus musculus
GSM317764,GSE12662,PR9 cells,PR9,CVCL_Z910,Drosophila melanogaster
GSM317765,GSE12662,PR9 cells,PR9,CVCL_Z910,Drosophila melanogaster
GSM317766,GSE12662,PR9 cells,PR9,CVCL_Z910,Drosophila melanogaster
GSM317767,GSE12662,PR9 cell line,PR9,CVCL_Z910,Drosophila melanogaster
GSM317768,GSE12662,PR9 cell line,PR9,CVCL_Z910,Drosophila melanogaster
GSM317771,GSE12662,PR9 cell line,PR9,CVCL_Z910,Drosophila melanogaster
GSM317772,GSE12662,PR9 cells,PR9,CVCL_Z910,Drosophila melanogaster
GSM317773,GSE12662,PR9,PR9,CVCL_Z910,Drosophila melanogaster
GSM317791,GSE12662,PR9 cell line,PR9,CVCL_Z910,Drosophila melanogaster
GSM317792,GSE12662,PR9,PR9,CVCL_Z910,Drosophila melanogaster
GSM317793,GSE12662,PR9 cells,PR9,CVCL_Z910,Drosophila melanogaster
GSM318210,GSE12662,PR9 cells,PR9,CVCL_Z910,Drosophila melanogaster
GSM617998,GSE25145,10a,UMR-201-10A,CVCL_IR40,Rattus norvegicus
GSM1564135,GSE64085,Burkitt Lymphoma,CHOP,CVCL_4702,Cricetulus griseus
GSM1253303,GSE51822,glioblastoma stem-like cell (GSC) line 12.1,12.1.3,CVCL_E3YW,Mus musculus
GSM1371025,GSE56906,Neural stem cells from H1 hESC,H-1,CVCL_N541,Mus musculus
GSM1371026,GSE56906,Neural stem cells from H1 hESC,H-1,CVCL_N541,Mus musculus
GSM1371027,GSE56906,Neural stem cells from H1 hESC,H-1,CVCL_N541,Mus musculus
GSM1371028,GSE56906,Neural stem cells from H1 hESC,H-1,CVCL_N541,Mus musculus
GSM822716,GSE33243,AML C34+ cells,BmVIII-SCC-OPr-C34,CVCL_Z203,Rhipicephalus microplus
GSM822717,GSE33243,AML C34+ cells,BmVIII-SCC-OPr-C34,CVCL_Z203,Rhipicephalus microplus
GSM822718,GSE33243,AML C34+ cells,BmVIII-SCC-OPr-C34,CVCL_Z203,Rhipicephalus microplus
GSM822719,GSE33243,AML C34+ cells,BmVIII-SCC-OPr-C34,CVCL_Z203,Rhipicephalus microplus
GSM822720,GSE33243,AML C34+ cells,BmVIII-SCC-OPr-C34,CVCL_Z203,Rhipicephalus microplus
GSM822721,GSE33243,AML C34+ cells,BmVIII-SCC-OPr-C34,CVCL_Z203,Rhipicephalus microplus
GSM2793823,GSE104260,A4,7E7/A4,CVCL_C3Q3,Mus musculus
GSM2793824,GSE104260,A4,7E7/A4,CVCL_C3Q3,Mus musculus
GSM475664,GSE19188,SCC,SCC,CVCL_C0WY,Siniperca chuatsi
GSM475668,GSE19188,SCC,SCC,CVCL_C0WY,Siniperca chuatsi
GSM475674,GSE19188,SCC,SCC,CVCL_C0WY,Siniperca chuatsi
GSM475694,GSE19188,SCC,SCC,CVCL_C0WY,Siniperca chuatsi
GSM475713,GSE19188,SCC,SCC,CVCL_C0WY,Siniperca chuatsi
GSM475719,GSE19188,SCC,SCC,CVCL_C0WY,Siniperca chuatsi
GSM475728,GSE19188,SCC,SCC,CVCL_C0WY,Siniperca chuatsi
GSM475730,GSE19188,SCC,SCC,CVCL_C0WY,Siniperca chuatsi
GSM475731,GSE19188,SCC,SCC,CVCL_C0WY,Siniperca chuatsi
GSM475733,GSE19188,SCC,SCC,CVCL_C0WY,Siniperca chuatsi
GSM475735,GSE19188,SCC,SCC,CVCL_C0WY,Siniperca chuatsi
GSM475744,GSE19188,SCC,SCC,CVCL_C0WY,Siniperca chuatsi
GSM475748,GSE19188,SCC,SCC,CVCL_C0WY,Siniperca chuatsi
GSM475751,GSE19188,SCC,SCC,CVCL_C0WY,Siniperca chuatsi
GSM475753,GSE19188,SCC,SCC,CVCL_C0WY,Siniperca chuatsi
GSM475756,GSE19188,SCC,SCC,CVCL_C0WY,Siniperca chuatsi
GSM475758,GSE19188,SCC,SCC,CVCL_C0WY,Siniperca chuatsi
GSM475759,GSE19188,SCC,SCC,CVCL_C0WY,Siniperca chuatsi
GSM475760,GSE19188,SCC,SCC,CVCL_C0WY,Siniperca chuatsi
GSM475762,GSE19188,SCC,SCC,CVCL_C0WY,Siniperca chuatsi
GSM475763,GSE19188,SCC,SCC,CVCL_C0WY,Siniperca chuatsi
GSM475778,GSE19188,SCC,SCC,CVCL_C0WY,Siniperca chuatsi
GSM475782,GSE19188,SCC,SCC,CVCL_C0WY,Siniperca chuatsi
GSM475789,GSE19188,SCC,SCC,CVCL_C0WY,Siniperca chuatsi
GSM475801,GSE19188,SCC,SCC,CVCL_C0WY,Siniperca chuatsi
GSM475804,GSE19188,SCC,SCC,CVCL_C0WY,Siniperca chuatsi
GSM475806,GSE19188,SCC,SCC,CVCL_C0WY,Siniperca chuatsi
GSM594311,GSE24147,KG1,B16-F10.9.KG1,CVCL_E3VV,Mus musculus
GSM594312,GSE24147,KG1,B16-F10.9.KG1,CVCL_E3VV,Mus musculus
GSM594313,GSE24147,KG1,B16-F10.9.KG1,CVCL_E3VV,Mus musculus
GSM594314,GSE24147,KG1,B16-F10.9.KG1,CVCL_E3VV,Mus musculus
GSM594315,GSE24147,KG1,B16-F10.9.KG1,CVCL_E3VV,Mus musculus
GSM594316,GSE24147,KG1,B16-F10.9.KG1,CVCL_E3VV,Mus musculus
GSM251574,GSE9940,Embryonic Stem Cells; H9 hES cell derived d17 definitive neural epithelial pool #2_e1_le1,Embryonic Stem Cells; D-17,CVCL_1916,Canis lupus familiaris
GSM3494428,GSE123053,MC26 cells,MC-26,CVCL_0240,Mus musculus
GSM3494429,GSE123053,MC26 cells,MC-26,CVCL_0240,Mus musculus
GSM3494436,GSE123053,MC26 cells,MC-26,CVCL_0240,Mus musculus
GSM3494437,GSE123053,MC26 cells,MC-26,CVCL_0240,Mus musculus
GSM3494438,GSE123053,MC26 cells,MC-26,CVCL_0240,Mus musculus
GSM3494439,GSE123053,MC26 cells,MC-26,CVCL_0240,Mus musculus
GSM2501346,GSE95285,human embryonal carcinoma cell line (EC),CHSE-EC,CVCL_DG46,Oncorhynchus tshawytscha
GSM871738,GSE35620,fetal rhesus monkey kidney (FRhK-4) cells,FRhK-4,CVCL_4522,Macaca mulatta
GSM871739,GSE35620,fetal rhesus monkey kidney (FRhK-4) cells,FRhK-4,CVCL_4522,Macaca mulatta
GSM1570045,GSE64385,HCT116; NK; B; neutrophils; T; monocytes,HCT 116; Novikoff-Hepatoma; B; Neutrophils; T; Monocytes,CVCL_1D01,Rattus norvegicus
GSM1570046,GSE64385,HCT116; NK; B; neutrophils; T; monocytes,HCT 116; Novikoff-Hepatoma; B; Neutrophils; T; Monocytes,CVCL_1D01,Rattus norvegicus
GSM1570047,GSE64385,HCT116; NK; B; neutrophils; T; monocytes,HCT 116; Novikoff-Hepatoma; B; Neutrophils; T; Monocytes,CVCL_1D01,Rattus norvegicus
GSM1570048,GSE64385,HCT116; NK; B; neutrophils; T; monocytes,HCT 116; Novikoff-Hepatoma; B; Neutrophils; T; Monocytes,CVCL_1D01,Rattus norvegicus
GSM1570049,GSE64385,HCT116; NK; B; neutrophils; T; monocytes,HCT 116; Novikoff-Hepatoma; B; Neutrophils; T; Monocytes,CVCL_1D01,Rattus norvegicus
GSM1570050,GSE64385,HCT116; NK; B; neutrophils; T; monocytes,HCT 116; Novikoff-Hepatoma; B; Neutrophils; T; Monocytes,CVCL_1D01,Rattus norvegicus
GSM1570051,GSE64385,HCT116; NK; B; neutrophils; T; monocytes,HCT 116; Novikoff-Hepatoma; B; Neutrophils; T; Monocytes,CVCL_1D01,Rattus norvegicus
GSM1570052,GSE64385,HCT116; NK; B; neutrophils; T; monocytes,HCT 116; Novikoff-Hepatoma; B; Neutrophils; T; Monocytes,CVCL_1D01,Rattus norvegicus
GSM1570053,GSE64385,HCT116; NK; B; neutrophils; T; monocytes,HCT 116; Novikoff-Hepatoma; B; Neutrophils; T; Monocytes,CVCL_1D01,Rattus norvegicus
GSM1570054,GSE64385,HCT116; NK; B; neutrophils; T; monocytes,HCT 116; Novikoff-Hepatoma; B; Neutrophils; T; Monocytes,CVCL_1D01,Rattus norvegicus
GSM734473,GSE29639,AT2 E/R positive leukemia,R-3327-AT-2,CVCL_L303,Rattus norvegicus
GSM734474,GSE29639,AT2 E/R positive leukemia,R-3327-AT-2,CVCL_L303,Rattus norvegicus
GSM734475,GSE29639,AT2 E/R positive leukemia,R-3327-AT-2,CVCL_L303,Rattus norvegicus
GSM734476,GSE29639,AT2 E/R positive leukemia,R-3327-AT-2,CVCL_L303,Rattus norvegicus
GSM172880,GSE7179,human embryonic stem (hES) cells line VUB03_DM1,Schneider 1,CVCL_Z231,Drosophila melanogaster
GSM172881,GSE7179,human embryonic stem (hES) cells line VUB03_DM1,Schneider 1,CVCL_Z231,Drosophila melanogaster
GSM172882,GSE7179,human embryonic stem (hES) cells line VUB03_DM1,Schneider 1,CVCL_Z231,Drosophila melanogaster
GSM242136,GSE9586,LM2,LM2,CVCL_5V02,Mus musculus
GSM242196,GSE9586,LM2,LM2,CVCL_5V02,Mus musculus
GSM242207,GSE9586,LM2,LM2,CVCL_5V02,Mus musculus
GSM242208,GSE9586,LM2,LM2,CVCL_5V02,Mus musculus
GSM1251792,GSE51739,983,IR983F,CVCL_7675,Rattus norvegicus
GSM575680,GSE23501,GI,GI,CVCL_R842,Cyprinus carpio
GSM758827,GSE30589,Vero E6,Vero C1008,CVCL_0574,Chlorocebus sabaeus
GSM758828,GSE30589,Vero E6,Vero C1008,CVCL_0574,Chlorocebus sabaeus
GSM758829,GSE30589,Vero E6,Vero C1008,CVCL_0574,Chlorocebus sabaeus
GSM758830,GSE30589,Vero E6,Vero C1008,CVCL_0574,Chlorocebus sabaeus
GSM758831,GSE30589,Vero E6,Vero C1008,CVCL_0574,Chlorocebus sabaeus
GSM758832,GSE30589,Vero E6,Vero C1008,CVCL_0574,Chlorocebus sabaeus
GSM758833,GSE30589,Vero E6,Vero C1008,CVCL_0574,Chlorocebus sabaeus
GSM758834,GSE30589,Vero E6,Vero C1008,CVCL_0574,Chlorocebus sabaeus
GSM758835,GSE30589,Vero E6,Vero C1008,CVCL_0574,Chlorocebus sabaeus
GSM758836,GSE30589,Vero E6,Vero C1008,CVCL_0574,Chlorocebus sabaeus
GSM758837,GSE30589,Vero E6,Vero C1008,CVCL_0574,Chlorocebus sabaeus
GSM758838,GSE30589,Vero E6,Vero C1008,CVCL_0574,Chlorocebus sabaeus
GSM758839,GSE30589,Vero E6,Vero C1008,CVCL_0574,Chlorocebus sabaeus
GSM758840,GSE30589,Vero E6,Vero C1008,CVCL_0574,Chlorocebus sabaeus
GSM758841,GSE30589,Vero E6,Vero C1008,CVCL_0574,Chlorocebus sabaeus
GSM758842,GSE30589,Vero E6,Vero C1008,CVCL_0574,Chlorocebus sabaeus
GSM758843,GSE30589,Vero E6,Vero C1008,CVCL_0574,Chlorocebus sabaeus
GSM758844,GSE30589,Vero E6,Vero C1008,CVCL_0574,Chlorocebus sabaeus
GSM758845,GSE30589,MA-104,MA-104,CVCL_3845,Chlorocebus pygerythrus
GSM758846,GSE30589,MA-104,MA-104,CVCL_3845,Chlorocebus pygerythrus
GSM758847,GSE30589,MA-104,MA-104,CVCL_3845,Chlorocebus pygerythrus
GSM758848,GSE30589,MA-104,MA-104,CVCL_3845,Chlorocebus pygerythrus
GSM758849,GSE30589,MA-104,MA-104,CVCL_3845,Chlorocebus pygerythrus
GSM758850,GSE30589,MA-104,MA-104,CVCL_3845,Chlorocebus pygerythrus
GSM758851,GSE30589,MA-104,MA-104,CVCL_3845,Chlorocebus pygerythrus
GSM758852,GSE30589,MA-104,MA-104,CVCL_3845,Chlorocebus pygerythrus
GSM758853,GSE30589,MA-104,MA-104,CVCL_3845,Chlorocebus pygerythrus
GSM758854,GSE30589,MA-104,MA-104,CVCL_3845,Chlorocebus pygerythrus
GSM758855,GSE30589,MA-104,MA-104,CVCL_3845,Chlorocebus pygerythrus
GSM758856,GSE30589,MA-104,MA-104,CVCL_3845,Chlorocebus pygerythrus
GSM758857,GSE30589,MA-104,MA-104,CVCL_3845,Chlorocebus pygerythrus
GSM758858,GSE30589,MA-104,MA-104,CVCL_3845,Chlorocebus pygerythrus
GSM758859,GSE30589,MA-104,MA-104,CVCL_3845,Chlorocebus pygerythrus
GSM2204341,GSE83491,H1,H-1,CVCL_N541,Mus musculus
GSM656441,GSE26672,human embryonic stem cell line H1,H-1,CVCL_N541,Mus musculus
GSM656449,GSE26672,human embryonic stem cell line H13A,H13a,CVCL_Z931,Mus musculus
GSM3564700,GSE125180,Primary hepatoma cells,GEM-81 clone P15,CVCL_6G55,Carassius auratus
GSM3564701,GSE125180,834 hepatoma cells,GEM-81 clone P15,CVCL_6G55,Carassius auratus
GSM3564702,GSE125180,Primary hepatoma cells,GEM-81 clone P15,CVCL_6G55,Carassius auratus
GSM3564704,GSE125180,Primary hepatoma cells,GEM-81 clone P15,CVCL_6G55,Carassius auratus
GSM3564705,GSE125180,P15 hepatoma cells,GEM-81 clone P15,CVCL_6G55,Carassius auratus
GSM589504,GSE23905,LM2,LM2,CVCL_5V02,Mus musculus
GSM589505,GSE23905,LM2,LM2,CVCL_5V02,Mus musculus
GSM1177996,GSE48433,carcinoma renal cell,RenCa,CVCL_2174,Mus musculus
GSM1177998,GSE48433,carcinoma renal cell,RenCa,CVCL_2174,Mus musculus
GSM1177999,GSE48433,carcinoma renal cell,RenCa,CVCL_2174,Mus musculus
GSM1178000,GSE48433,carcinoma renal cell,RenCa,CVCL_2174,Mus musculus
GSM1178002,GSE48433,carcinoma renal cell,RenCa,CVCL_2174,Mus musculus
GSM1178003,GSE48433,carcinoma renal cell,RenCa,CVCL_2174,Mus musculus
GSM1178004,GSE48433,carcinoma renal cell,RenCa,CVCL_2174,Mus musculus
GSM1178005,GSE48433,carcinoma renal cell,RenCa,CVCL_2174,Mus musculus
GSM1178006,GSE48433,carcinoma renal cell,RenCa,CVCL_2174,Mus musculus
GSM1178007,GSE48433,carcinoma renal cell,RenCa,CVCL_2174,Mus musculus
GSM1178010,GSE48433,carcinoma renal cell,RenCa,CVCL_2174,Mus musculus
GSM1178609,GSE48433,renal carcinoma,RenCa,CVCL_2174,Mus musculus
GSM1178610,GSE48433,renal carcinoma,RenCa,CVCL_2174,Mus musculus
GSM1178611,GSE48433,renal carcinoma,RenCa,CVCL_2174,Mus musculus
GSM1178612,GSE48433,renal carcinoma,RenCa,CVCL_2174,Mus musculus
GSM1178613,GSE48433,renal carcinoma,RenCa,CVCL_2174,Mus musculus
GSM1178614,GSE48433,carcinoma renal,RenCa,CVCL_2174,Mus musculus
GSM1178615,GSE48433,renal carcinoma,RenCa,CVCL_2174,Mus musculus
GSM1178616,GSE48433,renal carcinoma,RenCa,CVCL_2174,Mus musculus
GSM1178617,GSE48433,renal carcinoma,RenCa,CVCL_2174,Mus musculus
GSM1178618,GSE48433,renal carcinoma,RenCa,CVCL_2174,Mus musculus
GSM1178619,GSE48433,renal carcinoma,RenCa,CVCL_2174,Mus musculus
GSM1178620,GSE48433,renal carcinoma,RenCa,CVCL_2174,Mus musculus
GSM1178621,GSE48433,carcinoma renal,RenCa,CVCL_2174,Mus musculus
GSM1178622,GSE48433,renal carcinoma,RenCa,CVCL_2174,Mus musculus
GSM1178623,GSE48433,renal carcinoma,RenCa,CVCL_2174,Mus musculus
GSM1178624,GSE48433,renal carcinoma,RenCa,CVCL_2174,Mus musculus
GSM1178625,GSE48433,carcinoma renal,RenCa,CVCL_2174,Mus musculus
GSM1197847,GSE49353,Tumor; B16-F10 Mouse Melanoma xenograft,Tumor; B16-F10,CVCL_0159,Mus musculus
GSM1197848,GSE49353,Tumor; B16-F10 Mouse Melanoma xenograft,Tumor; B16-F10,CVCL_0159,Mus musculus
GSM1197849,GSE49353,Tumor; B16-F10 Mouse Melanoma xenograft,Tumor; B16-F10,CVCL_0159,Mus musculus
GSM1197850,GSE49353,COLON-26 Mouse Colon cancer xenograft,MC-26,CVCL_0240,Mus musculus
GSM1197851,GSE49353,Tumor; COLON-26 Mouse Colon cancer xenograft,Tumor; MC-26,CVCL_0240,Mus musculus
GSM1197852,GSE49353,Tumor; COLON-26 Mouse Colon cancer xenograft,Tumor; MC-26,CVCL_0240,Mus musculus
GSM1259792,GSE52108,M12,DV4-M12,CVCL_XX82,Mus musculus
GSM1259793,GSE52108,M12,DV4-M12,CVCL_XX82,Mus musculus
GSM1259794,GSE52108,M12,DV4-M12,CVCL_XX82,Mus musculus
GSM1259795,GSE52108,M12,DV4-M12,CVCL_XX82,Mus musculus
GSM1259796,GSE52108,M12,DV4-M12,CVCL_XX82,Mus musculus
GSM1259797,GSE52108,M12,DV4-M12,CVCL_XX82,Mus musculus
GSM425510,GSE17009,M25,M 368,CVCL_C507,Mus musculus
GSM526604,GSE21066,MCF 10A human breast epithelial cell line,UMR-201-10A,CVCL_IR40,Rattus norvegicus
GSM526679,GSE21066,MCF 10A human breast epithelial cell line,UMR-201-10A,CVCL_IR40,Rattus norvegicus
GSM923059,GSE37595,KG1 cells,B16-F10.9.KG1,CVCL_E3VV,Mus musculus
GSM923060,GSE37595,KG1 cells,B16-F10.9.KG1,CVCL_E3VV,Mus musculus
GSM1969446,GSE75888,HT2-HLCs,HT-2,CVCL_5T92,Mus musculus
GSM1969447,GSE75888,HT2-HLCs,HT-2,CVCL_5T92,Mus musculus
GSM1969448,GSE75888,HT2-HLCs,HT-2,CVCL_5T92,Mus musculus
GSM1969449,GSE75888,HT2-HLCs,HT-2,CVCL_5T92,Mus musculus
GSM1969450,GSE75888,HT2-HLCs,HT-2,CVCL_5T92,Mus musculus
GSM1969451,GSE75888,HT2-HLCs,HT-2,CVCL_5T92,Mus musculus
GSM2259762,GSE85180,3T3-J2s,3T3-Swiss albino,CVCL_0120,Mus musculus
GSM2445802,GSE85180,3T3-J2 fibroblasts,3T3-J2,CVCL_W667,Mus musculus
GSM1097463,GSE45117,Hypoxic Glioblastoma Stem-like cell line derived from tumor 13,Beta-LG MAb 13,CVCL_D6DX,Mus musculus
GSM230247,GSE9086,H1 embryonic stem cells,H-1,CVCL_N541,Mus musculus
GSM829488,GSE33536,DA1-derived iPS clone,DA-1,CVCL_2015,Mus musculus
GSM461749,GSE18549,GI; Femur,GI; Femur,CVCL_R842,Cyprinus carpio
GSM1579093,GSE64738,MES1,MES1,CVCL_Z508,Oryzias latipes
GSM1579094,GSE64738,MES1,MES1,CVCL_Z508,Oryzias latipes
GSM1579095,GSE64738,MES1,MES1,CVCL_Z508,Oryzias latipes
GSM1579096,GSE64738,MES1,MES1,CVCL_Z508,Oryzias latipes
GSM1579097,GSE64738,MES1,MES1,CVCL_Z508,Oryzias latipes
GSM1579098,GSE64738,MES1,MES1,CVCL_Z508,Oryzias latipes
GSM242049,GSE9770,hippocampus (ca1),CA1,CVCL_B0E5,Mus musculus
GSM242050,GSE9770,hippocampus (ca1),CA1,CVCL_B0E5,Mus musculus
GSM242051,GSE9770,hippocampus (ca1),CA1,CVCL_B0E5,Mus musculus
GSM242052,GSE9770,hippocampus (ca1),CA1,CVCL_B0E5,Mus musculus
GSM242053,GSE9770,hippocampus (ca1),CA1,CVCL_B0E5,Mus musculus
GSM618017,GSE25148,human embryonic kidney (HEK) cells,TLR2,CVCL_5600,Mus musculus
GSM618018,GSE25148,human embryonic kidney (HEK) cells,TLR2,CVCL_5600,Mus musculus
GSM618019,GSE25148,human embryonic kidney (HEK) cells,TLR2,CVCL_5600,Mus musculus
GSM618020,GSE25148,human embryonic kidney (HEK) cells,TLR2,CVCL_5600,Mus musculus
GSM618021,GSE25148,human embryonic kidney (HEK) cells,TLR2,CVCL_5600,Mus musculus
GSM618022,GSE25148,human embryonic kidney (HEK) cells stably transfected with Toll-like receptor 2 (TLR2),TLR2,CVCL_5600,Mus musculus
GSM618023,GSE25148,human embryonic kidney (HEK) cells,TLR2,CVCL_5600,Mus musculus
GSM618024,GSE25148,human embryonic kidney (HEK) cells,TLR2,CVCL_5600,Mus musculus
GSM618025,GSE25148,human embryonic kidney (HEK) cells,TLR2,CVCL_5600,Mus musculus
GSM618026,GSE25148,human embryonic kidney (HEK) cells,TLR2,CVCL_5600,Mus musculus
GSM618027,GSE25148,human embryonic kidney (HEK) cells,TLR2,CVCL_5600,Mus musculus
GSM618028,GSE25148,human embryonic kidney (HEK) cells,TLR2,CVCL_5600,Mus musculus
GSM618029,GSE25148,human embryonic kidney (HEK) cells,TLR2,CVCL_5600,Mus musculus
GSM618030,GSE25148,human embryonic kidney (HEK) cells,TLR2,CVCL_5600,Mus musculus
GSM618031,GSE25148,human embryonic kidney (HEK) cells,TLR2,CVCL_5600,Mus musculus
GSM618032,GSE25148,human embryonic kidney (HEK) cells,TLR2,CVCL_5600,Mus musculus
GSM618033,GSE25148,human embryonic kidney (HEK) cells,TLR2,CVCL_5600,Mus musculus
GSM618034,GSE25148,human embryonic kidney (HEK) cells,TLR2,CVCL_5600,Mus musculus
GSM618035,GSE25148,human embryonic kidney (HEK) cells,TLR2,CVCL_5600,Mus musculus
GSM618036,GSE25148,human embryonic kidney (HEK) cells,TLR2,CVCL_5600,Mus musculus
GSM189800,GSE7824,pancreatic tumor cell line L36.pl,L36,CVCL_D7B3,Mus musculus;Rattus norvegicus
GSM189801,GSE7824,pancreatic tumor cell line L36.pl,L36,CVCL_D7B3,Mus musculus;Rattus norvegicus
GSM189802,GSE7824,pancreatic tumor cell line L36.pl,L36,CVCL_D7B3,Mus musculus;Rattus norvegicus
GSM189805,GSE7824,pancreatic tumor cell line L36.pl,L36,CVCL_D7B3,Mus musculus;Rattus norvegicus
GSM4617388,GSE152529,MEC-1,GM-20,CVCL_F939,Mus musculus
GSM2462008,GSE93776,NK,Novikoff-Hepatoma,CVCL_1D01,Rattus norvegicus
GSM2462009,GSE93776,NK,Novikoff-Hepatoma,CVCL_1D01,Rattus norvegicus
GSM2462010,GSE93776,NK,Novikoff-Hepatoma,CVCL_1D01,Rattus norvegicus
GSM2462011,GSE93776,NK,Novikoff-Hepatoma,CVCL_1D01,Rattus norvegicus
GSM2462012,GSE93776,NK,Novikoff-Hepatoma,CVCL_1D01,Rattus norvegicus
GSM2462013,GSE93776,NK,Novikoff-Hepatoma,CVCL_1D01,Rattus norvegicus
GSM2462014,GSE93776,NK,Novikoff-Hepatoma,CVCL_1D01,Rattus norvegicus
GSM2462015,GSE93776,NK,Novikoff-Hepatoma,CVCL_1D01,Rattus norvegicus
GSM2462016,GSE93776,NK,Novikoff-Hepatoma,CVCL_1D01,Rattus norvegicus
GSM2462017,GSE93776,NK,Novikoff-Hepatoma,CVCL_1D01,Rattus norvegicus
GSM2462018,GSE93776,NK,Novikoff-Hepatoma,CVCL_1D01,Rattus norvegicus
GSM2462019,GSE93776,NK,Novikoff-Hepatoma,CVCL_1D01,Rattus norvegicus
GSM2462020,GSE93776,NK,Novikoff-Hepatoma,CVCL_1D01,Rattus norvegicus
GSM148613,GSE6465,Hepatocellular Carcinoma,UMR-201-10A,CVCL_IR40,Rattus norvegicus
GSM148614,GSE6465,Hepatocellular Carcinoma,11A,CVCL_C8MV,Mus musculus
GSM148624,GSE6465,Hepatocellular Carcinoma,24a,CVCL_C5HY,Mus musculus
GSM148630,GSE6465,Hepatocellular Carcinoma,16B,CVCL_N540,Mus musculus
GSM148638,GSE6465,Hepatocellular Carcinoma,33B,CVCL_3982,Rattus norvegicus
GSM697308,GSE28146,CA1 tissue; gray matter,CA1; Gray Matter,CVCL_B0E5,Mus musculus
GSM697309,GSE28146,CA1 tissue; gray matter,CA1; Gray Matter,CVCL_B0E5,Mus musculus
GSM697310,GSE28146,CA1 tissue; gray matter,CA1; Gray Matter,CVCL_B0E5,Mus musculus
GSM697311,GSE28146,CA1 tissue; gray matter,CA1; Gray Matter,CVCL_B0E5,Mus musculus
GSM697312,GSE28146,CA1 tissue; gray matter,CA1; Gray Matter,CVCL_B0E5,Mus musculus
GSM697313,GSE28146,CA1 tissue; gray matter,CA1; Gray Matter,CVCL_B0E5,Mus musculus
GSM697314,GSE28146,CA1 tissue; gray matter,CA1; Gray Matter,CVCL_B0E5,Mus musculus
GSM697315,GSE28146,CA1 tissue; gray matter,CA1; Gray Matter,CVCL_B0E5,Mus musculus
GSM697316,GSE28146,CA1 tissue; gray matter,CA1; Gray Matter,CVCL_B0E5,Mus musculus
GSM697317,GSE28146,CA1 tissue; gray matter,CA1; Gray Matter,CVCL_B0E5,Mus musculus
GSM697318,GSE28146,CA1 tissue; gray matter,CA1; Gray Matter,CVCL_B0E5,Mus musculus
GSM697319,GSE28146,CA1 tissue; gray matter,CA1; Gray Matter,CVCL_B0E5,Mus musculus
GSM697320,GSE28146,CA1 tissue; gray matter,CA1; Gray Matter,CVCL_B0E5,Mus musculus
GSM697321,GSE28146,CA1 tissue; gray matter,CA1; Gray Matter,CVCL_B0E5,Mus musculus
GSM697322,GSE28146,CA1 tissue; gray matter,CA1; Gray Matter,CVCL_B0E5,Mus musculus
GSM697323,GSE28146,CA1 tissue; gray matter,CA1; Gray Matter,CVCL_B0E5,Mus musculus
GSM697324,GSE28146,CA1 tissue; gray matter,CA1; Gray Matter,CVCL_B0E5,Mus musculus
GSM697325,GSE28146,CA1 tissue; gray matter,CA1; Gray Matter,CVCL_B0E5,Mus musculus
GSM697326,GSE28146,CA1 tissue; gray matter,CA1; Gray Matter,CVCL_B0E5,Mus musculus
GSM697327,GSE28146,CA1 tissue; gray matter,CA1; Gray Matter,CVCL_B0E5,Mus musculus
GSM697328,GSE28146,CA1 tissue; gray matter,CA1; Gray Matter,CVCL_B0E5,Mus musculus
GSM697329,GSE28146,CA1 tissue; gray matter,CA1; Gray Matter,CVCL_B0E5,Mus musculus
GSM697330,GSE28146,CA1 tissue; gray matter,CA1; Gray Matter,CVCL_B0E5,Mus musculus
GSM697331,GSE28146,CA1 tissue; gray matter,CA1; Gray Matter,CVCL_B0E5,Mus musculus
GSM697332,GSE28146,CA1 tissue; gray matter,CA1; Gray Matter,CVCL_B0E5,Mus musculus
GSM697333,GSE28146,CA1 tissue; gray matter,CA1; Gray Matter,CVCL_B0E5,Mus musculus
GSM697334,GSE28146,CA1 tissue; gray matter,CA1; Gray Matter,CVCL_B0E5,Mus musculus
GSM697335,GSE28146,CA1 tissue; gray matter,CA1; Gray Matter,CVCL_B0E5,Mus musculus
GSM697336,GSE28146,CA1 tissue; gray matter,CA1; Gray Matter,CVCL_B0E5,Mus musculus
GSM697337,GSE28146,CA1 tissue; gray matter,CA1; Gray Matter,CVCL_B0E5,Mus musculus
GSM306062,GSE12155,EPC,EPC,CVCL_4361,Pimephales promelas
GSM306063,GSE12155,EPC,EPC,CVCL_4361,Pimephales promelas
GSM306064,GSE12155,EPC colony assay,EPC,CVCL_4361,Pimephales promelas
GSM306065,GSE12155,EPC,EPC,CVCL_4361,Pimephales promelas
GSM306066,GSE12155,EPC,EPC,CVCL_4361,Pimephales promelas
GSM306067,GSE12155,EPC,EPC,CVCL_4361,Pimephales promelas
GSM306068,GSE12155,EPC,EPC,CVCL_4361,Pimephales promelas
GSM306069,GSE12155,EPC,EPC,CVCL_4361,Pimephales promelas
GSM306070,GSE12155,EPC,EPC,CVCL_4361,Pimephales promelas
GSM306071,GSE12155,EPC,EPC,CVCL_4361,Pimephales promelas
GSM306072,GSE12155,EPC,EPC,CVCL_4361,Pimephales promelas
GSM306073,GSE12155,EPC,EPC,CVCL_4361,Pimephales promelas
GSM306074,GSE12155,EPC,EPC,CVCL_4361,Pimephales promelas
GSM306075,GSE12155,EPC,EPC,CVCL_4361,Pimephales promelas
GSM306076,GSE12155,EPC colony assay,EPC,CVCL_4361,Pimephales promelas
GSM306077,GSE12155,EPC,EPC,CVCL_4361,Pimephales promelas
GSM306078,GSE12155,EPC,EPC,CVCL_4361,Pimephales promelas
GSM306079,GSE12155,EPC,EPC,CVCL_4361,Pimephales promelas
GSM306080,GSE12155,EPC,EPC,CVCL_4361,Pimephales promelas
GSM306081,GSE12155,EPC,EPC,CVCL_4361,Pimephales promelas
GSM306082,GSE12155,EPC,EPC,CVCL_4361,Pimephales promelas
GSM306083,GSE12155,EPC,EPC,CVCL_4361,Pimephales promelas
GSM306084,GSE12155,EPC colony assay,EPC,CVCL_4361,Pimephales promelas
GSM306085,GSE12155,EPC,EPC,CVCL_4361,Pimephales promelas
GSM308203,GSE12287,E10,NAL1A clone C4E10,CVCL_0251,Mus musculus
GSM308204,GSE12287,E10,NAL1A clone C4E10,CVCL_0251,Mus musculus
GSM308205,GSE12287,E10,NAL1A clone C4E10,CVCL_0251,Mus musculus
GSM308206,GSE12287,E10,NAL1A clone C4E10,CVCL_0251,Mus musculus
GSM308218,GSE12287,E10,NAL1A clone C4E10,CVCL_0251,Mus musculus
GSM2668698,GSE100050,H12-4,H12,CVCL_C4FT,Mus musculus
GSM840916,GSE34042,M12,DV4-M12,CVCL_XX82,Mus musculus
GSM840917,GSE34042,M12,DV4-M12,CVCL_XX82,Mus musculus
GSM1316692,GSE54484,KG1,B16-F10.9.KG1,CVCL_E3VV,Mus musculus
GSM2888429,GSE108048,H1 embryonic stem cells,H-1,CVCL_N541,Mus musculus
GSM2888430,GSE108048,H1 embryonic stem cells,H-1,CVCL_N541,Mus musculus
GSM2888431,GSE108048,H1 embryonic stem cells,H-1,CVCL_N541,Mus musculus
GSM1126466,GSE46214,SCP2,SCp2,CVCL_E1I2,Mus musculus
GSM1126467,GSE46214,SCP2,SCp2,CVCL_E1I2,Mus musculus
GSM1126468,GSE46214,SCP2,SCp2,CVCL_E1I2,Mus musculus
GSM466831,GSE18833,MDA-MB-231-S1a-1,S1A,CVCL_4Y48,Mus musculus
GSM466832,GSE18833,MDA-MB-231-S1a-2,S1A,CVCL_4Y48,Mus musculus
GSM378575,GSE15156,HF1,HF1,CVCL_4227,Rattus norvegicus
GSM1109511,GSE45558,melanoma cell line D17,D-17,CVCL_1916,Canis lupus familiaris
GSM1109512,GSE45558,melanoma cell line D17,D-17,CVCL_1916,Canis lupus familiaris
GSM1108342,GSE45544,primary Ewing sarcoma cell line SB-KMS-DA1,DA-1,CVCL_2015,Mus musculus
GSM1420645,GSE58841,HFK-16E6,16E6,CVCL_F1XJ,Mus musculus
GSM1420646,GSE58841,HFK-16E6,16E6,CVCL_F1XJ,Mus musculus
GSM1420647,GSE58841,HFK-16E6,16E6,CVCL_F1XJ,Mus musculus
GSM1566220,GSE64194,Human iPSC line 7,Beta-LG MAb 8,CVCL_D6DW,Mus musculus
GSM1566221,GSE64194,Human iPSC line 8,Beta-LG MAb 8,CVCL_D6DW,Mus musculus
GSM1566222,GSE64194,Human iPSC line 16,MAb 16,CVCL_E7D6,Mus musculus
GSM2247163,GSE84648,232 breast cancer cell line,232,CVCL_G581,Mus musculus
GSM2247164,GSE84648,233 breast cancer cell line,15-23-3,CVCL_D5JZ,Mus musculus
GSM2247165,GSE84648,234 breast cancer cell line,234,CVCL_F1E7,Mus musculus
GSM1898773,GSE73599,CD4+ T clone L10 cells,CG10116-L10,CVCL_F1ZU,Drosophila melanogaster
GSM1898774,GSE73599,CD4+ T clone L10 cells,CG10116-L10,CVCL_F1ZU,Drosophila melanogaster
GSM1898775,GSE73599,CD4+ T clone L10 cells,CG10116-L10,CVCL_F1ZU,Drosophila melanogaster
GSM1898776,GSE73599,CD4+ T clone L10 cells,CG10116-L10,CVCL_F1ZU,Drosophila melanogaster
GSM1898777,GSE73599,CD4+ T clone L10 cells,CG10116-L10,CVCL_F1ZU,Drosophila melanogaster
GSM1898778,GSE73599,CD4+ T clone L10 cells,CG10116-L10,CVCL_F1ZU,Drosophila melanogaster
GSM1295155,GSE53514,Human Tr1 cell clone,TR-1,CVCL_A2JT,Rattus norvegicus
GSM1295162,GSE53514,Human Tr1 cell clone,TR-1,CVCL_A2JT,Rattus norvegicus
GSM1295168,GSE53514,Human Tr1 cell clone,TR-1,CVCL_A2JT,Rattus norvegicus
GSM1295169,GSE53514,peripheral blood; Human Tr1 cell clone,Blood; TR-1,CVCL_A2JT,Rattus norvegicus
GSM1295170,GSE53514,peripheral blood; Human Tr1 cell clone,Blood; TR-1,CVCL_A2JT,Rattus norvegicus
GSM1295172,GSE53514,peripheral blood; Human Tr1 cell clone,Blood; TR-1,CVCL_A2JT,Rattus norvegicus
GSM1295173,GSE53514,peripheral blood; Human Tr1 cell clone,Blood; TR-1,CVCL_A2JT,Rattus norvegicus
GSM1295177,GSE53514,peripheral blood; Human Tr1 cell clone,Blood; TR-1,CVCL_A2JT,Rattus norvegicus
GSM1295178,GSE53514,peripheral blood; Human Tr1 cell clone,Blood; TR-1,CVCL_A2JT,Rattus norvegicus
GSM1295184,GSE53514,peripheral blood; Human Tr1 cell clone,Blood; TR-1,CVCL_A2JT,Rattus norvegicus
GSM1295185,GSE53514,peripheral blood; Human Tr1 cell clone,Blood; TR-1,CVCL_A2JT,Rattus norvegicus
GSM1295189,GSE53514,peripheral blood; Human Tr1 cell clone,Blood; TR-1,CVCL_A2JT,Rattus norvegicus
GSM1295190,GSE53514,peripheral blood; Human Tr1 cell clone,Blood; TR-1,CVCL_A2JT,Rattus norvegicus
GSM940675,GSE38367,MEC-1 cell line,GM-20,CVCL_F939,Mus musculus
GSM940676,GSE38367,MEC-1 cell line,GM-20,CVCL_F939,Mus musculus
GSM940677,GSE38367,MEC-1 cell line,GM-20,CVCL_F939,Mus musculus
GSM940678,GSE38367,MEC-1 cell line,GM-20,CVCL_F939,Mus musculus
GSM940679,GSE38367,MEC-1 cell line,GM-20,CVCL_F939,Mus musculus
GSM940680,GSE38367,MEC-1 cell line,GM-20,CVCL_F939,Mus musculus
GSM456722,GSE18296,Human Neural Stem Cell Line F3,F-3,CVCL_CW34,Mus musculus
GSM456723,GSE18296,Human Neural Stem Cell Line F3,F-3,CVCL_CW34,Mus musculus
GSM456724,GSE18296,Neural Stem Cell Line F3,F-3,CVCL_CW34,Mus musculus
GSM456725,GSE18296,Neural Stem Cell Line F3,F-3,CVCL_CW34,Mus musculus
GSM3521101,GSE124114,TM-4,TM4,CVCL_4327,Mus musculus
GSM1246004,GSE51454,lymphoblastoid cell line (CL-1),CL-1,CVCL_L321,Canis lupus familiaris
GSM1246005,GSE51454,lymphoblastoid cell line (CL-1),CL-1,CVCL_L321,Canis lupus familiaris
GSM1246006,GSE51454,lymphoblastoid cell line (CL-1),CL-1,CVCL_L321,Canis lupus familiaris
GSM1246007,GSE51454,lymphoblastoid cell line (CL-1),CL-1,CVCL_L321,Canis lupus familiaris
GSM1246008,GSE51454,lymphoblastoid cell line (CL-1),CL-1,CVCL_L321,Canis lupus familiaris
GSM1246009,GSE51454,lymphoblastoid cell line (CL-1),CL-1,CVCL_L321,Canis lupus familiaris
GSM738415,GSE29799,MLL-AF9/NrasG12D human cell line,AF9,CVCL_E5S3,Mus musculus
GSM738416,GSE29799,MLL-AF9/NrasG12D human cell line,AF9,CVCL_E5S3,Mus musculus
GSM738417,GSE29799,MLL-AF9/NrasG12D human cell line,AF9,CVCL_E5S3,Mus musculus
GSM738418,GSE29799,MLL-AF9/NrasG12D human cell line,AF9,CVCL_E5S3,Mus musculus
GSM738419,GSE29799,MLL-AF9/NrasG12D human cell line,AF9,CVCL_E5S3,Mus musculus
GSM738420,GSE29799,MLL-AF9/NrasG12D human cell line,AF9,CVCL_E5S3,Mus musculus
GSM44122,GSE2350,F24 cell line,F24,CVCL_K210,Mus musculus
GSM493577,GSE19761,Akata BL clone (1B6),1B6,CVCL_F1V1,Mus musculus
GSM493578,GSE19761,Akata BL clone (1B6),1B6,CVCL_F1V1,Mus musculus
GSM48989,GSE2567,K3,EquiPSC Line K3,CVCL_C7F3,Equus caballus
GSM48990,GSE2567,K3,EquiPSC Line K3,CVCL_C7F3,Equus caballus
GSM48991,GSE2567,K3 cells,EquiPSC Line K3,CVCL_C7F3,Equus caballus
GSM48993,GSE2567,K3,EquiPSC Line K3,CVCL_C7F3,Equus caballus
GSM2888,GSE96,DRG,DrG,CVCL_IX16,Danio rerio
GSM2889,GSE96,DRG,DrG,CVCL_IX16,Danio rerio
GSM24628,GSE1460,"CD3highCD4+CD8- ""single positive"" thymocytes (SP4) cells from human fetal thymus",SP4,CVCL_D6TA,Mus musculus
GSM24629,GSE1460,"CD3highCD4+CD8- ""single positive"" thymocytes (SP4) cells from human fetal thymus",SP4,CVCL_D6TA,Mus musculus
GSM24630,GSE1460,"CD3highCD4+CD8- ""single positive"" thymocytes (SP4) cells from human fetal thymus",SP4,CVCL_D6TA,Mus musculus
GSM241028,GSE9499,LCL1,LC-L1,CVCL_A9GJ,Panthera pardus
GSM241029,GSE9499,LCL1,LC-L1,CVCL_A9GJ,Panthera pardus
GSM241030,GSE9499,LCL1,LC-L1,CVCL_A9GJ,Panthera pardus
