item,field,raw_value,assigned_id,instances,verdict,matched_id
1,Treatment,cp-81518,OOV-X-09B6284ABD,1,appropriate,
2,Treatment,KIN001-055 1.11µM,OOV-X-72BFCA9F2C,39,appropriate,
3,Treatment,pacritinib,OOV-X-08D9A4D577,1,appropriate,
4,Treatment,SJE2A066,OOV-X-39D3A8A877,1,appropriate,
5,Treatment,cp-70309,OOV-X-B3431FFA55,1,appropriate,
6,Condition,AdenoCa,OOV-C-2AA52AC531,9,inappropriate,D000230
7,Condition,BRCA2 'one-hit' mutant,OOV-C-0AAA00359B,12,appropriate,
8,Treatment,cp-61413,OOV-X-EE55FC7465,1,appropriate,
9,Condition,"AML with t(8; 16), therapy-related",OOV-C-2A59AA74DF,1,inappropriate,D015470
10,Treatment,cp-80197,OOV-X-8C21379AFD,1,appropriate,
11,Condition,aspirin resistant,OOV-C-C3FA8217EF,8,appropriate,
12,Treatment,cp-59293,OOV-X-A0A0CF5317,1,appropriate,
13,Tissue,MDA-HNS-073,OOV-T-4D46A4B83D,1,indeterminate,
14,Condition,follicular_carcinoma,OOV-C-C3DF455D0F,4,inappropriate,D018263
15,Condition,head and neck cancer cells,OOV-C-AE7A3CFA53,4,inappropriate,D006258
16,Treatment,recombinant cytokines IFNg and TNFa,OOV-X-BB07CF0D80,2,appropriate,
17,Condition,Ctrl Normoxia,OOV-C-64B341F379,3,appropriate,
18,Treatment,cp-70797,OOV-X-BEE731A34E,1,appropriate,
19,Treatment,high n3 level tertile; low sfa/pufa ratio tertile; middle n6 level tertile,OOV-X-A470484992,1,appropriate,
20,Treatment,smoker; 30-day mean pm2.5 exposure level: 7.68651,OOV-X-6DB91CBA4E,1,appropriate,
21,Condition,CD40 activated,OOV-C-6BC9C6ECB9,3,appropriate,
22,Treatment,cp-3038,OOV-X-DDD6C38D4F,1,appropriate,
23,Treatment,vehicle; NOTCH1 shRNA,OOV-X-47032BB9C8,2,appropriate,
24,Treatment,Low Meal Frequency (t=24),OOV-X-4707665693,7,appropriate,
25,Condition,cT3N0M0; pT1N0,OOV-C-0EBB5EDFB9,4,appropriate,
26,Tissue,rhesus monkey kidney cell,OOV-T-44A3FEDC42,2,inappropriate,D007668
27,Treatment,10.4483um,OOV-X-9E54474D2D,1,appropriate,
28,Treatment,cp-79352,OOV-X-8C7047FE4B,1,appropriate,
29,Treatment,START_013003 serum,OOV-X-00A7390923,1,appropriate,
30,Treatment,T1DAL_01010340 serum,OOV-X-E4AACF7FE6,1,appropriate,
31,Treatment,cp-69716,OOV-X-92CD72E598,1,appropriate,
32,Treatment,pre-miR-210,OOV-X-6DD4FCB9A1,4,appropriate,
33,Condition,Rhinovirus infection (hRV),OOV-C-80B636970F,91,appropriate,
34,Treatment,cp-79476,OOV-X-4892F85671,1,appropriate,
35,Treatment,cp-52806,OOV-X-A629C4847B,1,appropriate,
36,Treatment,shSMARCB1-1,OOV-X-FF8F8CFA9B,2,appropriate,
37,Treatment,cp-54116,OOV-X-C27E203497,1,appropriate,
38,Condition,LPS activation,OOV-C-D670FB54D2,5,appropriate,
39,Treatment,transient transfection: mouse SMYD2,OOV-X-D4C48B3476,1,appropriate,
40,Treatment,vandetanib 0.12µM,OOV-X-41BB4BDD43,34,appropriate,
41,Condition,healthy nonsmokers,OOV-C-81A2D9CA61,42,appropriate,
42,Treatment,R848; PF-06426779,OOV-X-DB2DF9F235,3,appropriate,
43,Treatment,cp-956,OOV-X-0A4CE87EC2,1,appropriate,
44,Treatment,4-OHT; FUW-CMV-NTCF-ERT2 (NET),OOV-X-C319251592,1,appropriate,
45,Condition,Tonsil squamous cell carcinoma; mucositis grade: 2,OOV-C-F707498CC6,10,inappropriate,D014067
46,Treatment,shScramble lentivirus,OOV-X-BA2E4DA679,1,appropriate,
47,Treatment,CF060 plasma,OOV-X-11EE50E222,1,appropriate,
48,Treatment,activating (antiCD3+antiCD28)+IL12+antiIL4,OOV-X-210B9F267C,4,appropriate,
49,Treatment,CB916 5microM,OOV-X-F14D04A22F,3,appropriate,
50,Treatment,TPM,ART-X-31365,9,indeterminate,
51,Treatment,5.5mM+Met+Hyp,OOV-X-E38CC42D54,2,appropriate,
52,Treatment,cp-79572,OOV-X-B300F4A5FD,1,appropriate,
53,Treatment,cp-34181,OOV-X-FB6CDAFC10,1,appropriate,
54,Treatment,CH5424802 0.12µM,OOV-X-0D1F4B1E5E,34,appropriate,
55,Treatment,co-cultured with: T47D,OOV-X-3FE10DE502,5,appropriate,
56,Treatment,pcDNA3.1-GFP,OOV-X-F22AD3AB19,1,appropriate,
57,Tissue,Occular Adnexa MALT lymphoma,OOV-T-043877F4B3,1,appropriate,
58,Treatment,cp-63862,OOV-X-BD6A8405D9,1,appropriate,
59,Treatment,WeightRegainer,OOV-X-8EACFA03AD,11,appropriate,
60,Treatment,siLam,ART-X-28625,1,appropriate,
61,Condition,NSCLC; erlotinib resistant; EMT,OOV-C-7338416B0E,1,inappropriate,D002289
62,Treatment,bmi <25,OOV-X-931E865287,27,appropriate,
63,Treatment,WZ-3105 0.04µM,OOV-X-FE462044DD,49,appropriate,
64,Treatment,XMD-892 0.04µM,OOV-X-E05B3C6817,38,appropriate,
65,Treatment,late proliferative cycle stage,OOV-X-84DDB99F8C,20,appropriate,
66,Condition,"obese; insulin-resistant, non-diabetic",OOV-C-DC23CEDB22,12,inappropriate,D009765
67,Condition,human cancer,OOV-C-71274DA759,14,inappropriate,D009369
68,Treatment,Mock infected; infected with M1 virus,OOV-X-800387CFC4,1,appropriate,
69,Treatment,1nM E2,OOV-X-0182589CF1,26,appropriate,
70,Condition,AD; braak stage: VI,OOV-C-82B419C20E,18,inappropriate,D000544
71,Treatment,Hypoxia for 22hrs; 45 ng/mL IL-15,OOV-X-1A49CE6396,2,appropriate,
72,Treatment,DCA (300um),OOV-X-73F46BECF8,8,appropriate,
73,Treatment,10 uM compound 4278_38733,OOV-X-97236F953D,1,appropriate,
74,Treatment,H1.2 depletion,OOV-X-9EF5EB4C1D,2,appropriate,
75,Treatment,cp-53301,OOV-X-815787F32B,1,appropriate,
76,Treatment,smoking: yes; obese: no,OOV-X-DFCB3CA639,16,appropriate,
77,Condition,tumor-bearing xenograft model,OOV-C-391FAB7F59,10,appropriate,
78,Condition,shIKKa,OOV-C-FED2958317,2,appropriate,
79,Condition,DLBCL tumor,OOV-C-56F195CA50,36,inappropriate,D016403
80,Tissue,NKcell,OOV-T-FDDCE399A4,8,inappropriate,D007694
81,Tissue,Lineage-CD34+ cells,OOV-T-34640EE40A,1,inappropriate,D006412
82,Treatment,33.0386um,OOV-X-90D7CE97FE,4,appropriate,
83,Treatment,cp-6175,OOV-X-E2B39FB942,1,appropriate,
84,Treatment,ZM-447439 0.04µM,OOV-X-37ED389A91,34,appropriate,
85,Treatment,Ento+AZD,OOV-X-260D5F9704,1,appropriate,
86,Treatment,XB0091,OOV-X-15660D671B,1,appropriate,
87,Treatment,altitude exposure at alt16,OOV-X-7052277DDF,21,appropriate,
88,Treatment,cp-79253,OOV-X-981DF2337E,1,appropriate,
89,Treatment,ABT-263 0.1 uM,OOV-X-07E24B6532,2,appropriate,
90,Treatment,cp-59837,OOV-X-1217C678A4,1,appropriate,
91,Condition,"Prostate_Adenocarcinoma; Gleason_Score_5; pT T2b, pN N0, pM M0; tumor",OOV-C-4A7EFC8427,2,inappropriate,D011471
92,Tissue,SF8,ART-T-00398,2,indeterminate,
93,Tissue,Glioblastoma; CNS,OOV-T-85B8E74B73,1,appropriate,
94,Tissue,metastasis tissue sample,OOV-T-68BB9692E6,13,appropriate,
95,Treatment,cp-59561,OOV-X-352D4A45BF,1,appropriate,
96,Condition,"Adenocarcinoma of breast, ductal; G3; IIA; T2; N0",OOV-C-E12B07F8E7,3,inappropriate,D018270
97,Condition,"Adenocarcinoma of breast, ductal; tumor grade: G2; mininal stage grouping: IIB; t (extent of primary tumor): T3; n (lymph node metastasis): NX; er: 1; pgr: 1; dfs-month: 45; dfs-event: 0; distant metastasis: 0; breast tumor",OOV-C-D1A0632743,1,inappropriate,D018270
98,Treatment,cp-82183,OOV-X-EBC09B68F8,1,appropriate,
99,Treatment,cp-61284,OOV-X-C67A6B3577,1,appropriate,
100,Treatment,cp-69844,OOV-X-8BA0DBD9EF,1,appropriate,
101,Treatment,linifanib 3.33µM,OOV-X-8E95943374,73,appropriate,
102,Treatment,pre-miR-27b,OOV-X-9DE6D2298F,1,appropriate,
103,Treatment,"diet1; 25% energy restricted (ER), low nutrient quality; 4hr postprandial mixed-meal challenge",OOV-X-51F7096E27,2,appropriate,
104,Treatment,cp-81340,OOV-X-F0D5366D54,1,appropriate,
105,Tissue,Parenchyma; Terminal bronchiole,OOV-T-25F8962768,18,inappropriate,D055745
106,Treatment,non-failing disease status,OOV-X-9222181085,17,appropriate,
107,Treatment,J2 RNA mixed - Day1,OOV-X-4D43CA78F0,1,appropriate,
108,Treatment,cp-343,OOV-X-2404750BCE,1,appropriate,
109,Treatment,cp-71943,OOV-X-5DD99A263E,1,appropriate,
110,Treatment,Arm2 [original protocol],OOV-X-5521FBF9C0,1,appropriate,
111,Treatment,cp-61576,OOV-X-2EA095B313,1,appropriate,
112,Treatment,post-surgical group,OOV-X-7F2846CF1F,31,appropriate,
113,Tissue,osteosarcoma cells,OOV-T-E590C19725,27,appropriate,
114,Treatment,mtx_days: 182,OOV-X-150D0F2753,2,appropriate,
115,Treatment,cp-51808,OOV-X-E38AF0F98D,1,appropriate,
116,Condition,H5N2-F189 infected,OOV-C-2C3B29F0B6,3,appropriate,
117,Tissue,lung_fibroblast,OOV-T-58EEA4DB01,12,inappropriate,D005347
118,Treatment,Id1 overexpression,OOV-X-53424F8775,2,appropriate,
119,Treatment,MYBL2-specific shRNA,OOV-X-D962FA97BD,2,appropriate,
120,Treatment,tivantinib 3.33µM,OOV-X-1BF845BAD8,31,appropriate,
121,Treatment,overexpress mir-1246,OOV-X-FB5775B791,2,appropriate,
122,Treatment,shRARG-V2LHS_239268; DMSO,OOV-X-FA5852393E,6,appropriate,
123,Condition,Moderate CCCA,OOV-C-B7297049EF,3,appropriate,
124,Treatment,5.6654um,OOV-X-77F591BFDA,2,appropriate,
125,Tissue,glioblastoma spheroid culture; NMA59,OOV-T-50010C7228,1,appropriate,
126,Treatment,cp-53559,OOV-X-2B90FFDFE6,1,appropriate,
127,Tissue,rhesus whole blood,OOV-T-E21DA8C630,1,inappropriate,D001769
128,Treatment,16.5mM Glu; metformin added: No,OOV-X-BF4C7386FD,1,appropriate,
129,Treatment,cp-525,OOV-X-46273E4501,1,appropriate,
130,Treatment,Act+IL12,OOV-X-678A9A45BE,1,appropriate,
131,Treatment,cp-73403,OOV-X-9E1BAFE9E2,1,appropriate,
132,Tissue,superior temporal gyrus (STG); pyramidal cells in layer III of the STG,OOV-T-BE846A8632,1,inappropriate,D013702
133,Treatment,pLVX_GABPa,OOV-X-7626005AEA,4,appropriate,
134,Treatment,cp-23338,OOV-X-31C1ADBEAF,1,appropriate,
135,Treatment,venous stress test,OOV-X-529223C7DC,23,appropriate,
136,Treatment,mouse SMYD2,OOV-X-79A9BBF96D,3,appropriate,
137,Treatment,TN14_CA41_M12 serum,OOV-X-C59A79876B,1,appropriate,
138,Treatment,co-cultured with: BT474,OOV-X-568EA3DF7C,5,appropriate,
139,Treatment,JWE-035 0.37µM,OOV-X-B63756DE41,38,appropriate,
140,Treatment,vehicle; tetracycline,OOV-X-248306FE94,4,appropriate,
141,Treatment,UC11 Plasma,OOV-X-C2ACE37CF1,1,appropriate,
142,Condition,HPV16,ART-C-00176,16,appropriate,
143,Treatment,AZD4547 0.12µM,OOV-X-7C0E5109C4,35,appropriate,
144,Treatment,Glass wool (MMVF10) 2 48h,OOV-X-FFA1D0928E,3,appropriate,
145,Condition,POST HSCT,OOV-C-23CA99D673,18,appropriate,
146,Treatment,high salt media; anti-CD3/anti-CD28,OOV-X-727B1B2A22,2,appropriate,
147,Condition,HIV/HCV coinfected,OOV-C-2C6461CF26,16,inappropriate,D060085
148,Treatment,PR,ART-X-30743,12,appropriate,
149,Treatment,cp-81060,OOV-X-38B28ACD4E,1,appropriate,
150,Condition,"Prostate_Adenocarcinoma; Gleason_Score_9; pT T4, pN N0, pM MX; tumor",OOV-C-BEAA18BD4C,3,appropriate,
151,Treatment,EtOH 0 nicotine,OOV-X-4CE2A6FE8A,1,appropriate,
152,Treatment,HC03 Plasma,OOV-X-EAD952F655,1,appropriate,
153,Treatment,cp-59763,OOV-X-FF0872B7B2,1,appropriate,
154,Treatment,BRAF_p.W450L,OOV-X-F4C866AC4F,8,appropriate,
155,Condition,normal breast cell line,OOV-C-1F2E97100A,8,appropriate,
156,Treatment,GSK-461364 3.33µM,OOV-X-D7A04F289D,37,appropriate,
157,Treatment,RDBP Kd,OOV-X-CBE9BA34A5,2,appropriate,
158,Treatment,"OCT8, SOX2, KLF4, MYC",OOV-X-9384656323,4,appropriate,
159,Condition,pT2N2M0,OOV-C-53DEF94B53,1,appropriate,
160,Condition,Advanced HCC,OOV-C-415FE3E595,6,inappropriate,D006528
161,Treatment,Current Smoking_Status,OOV-X-7BC72C3D0E,18,appropriate,
162,Treatment,wild-type RBM10,OOV-X-4FF45C1CAC,1,appropriate,
163,Treatment,Ch-conditioned media,OOV-X-AD417E15F9,18,appropriate,
164,Treatment,cp-34196,OOV-X-CE9886F7CA,1,appropriate,
165,Treatment,Epilim,OOV-X-E040E87884,7,inappropriate,D014635
166,Treatment,Th0,ART-X-24062,1,appropriate,
167,Tissue,human embryonic stem cell-derived hepatocyte-like cells (hES-Hep),OOV-T-004385DF14,4,appropriate,
168,Treatment,CTH transduction,OOV-X-5E3EB4BF20,1,appropriate,
169,Treatment,MMF; 1000; asa_dosis: 81,OOV-X-BE48A8F68E,1,appropriate,
170,Tissue,normal fragment,OOV-T-24FC604F3C,12,appropriate,
171,Treatment,cp-80278,OOV-X-4398D4EB4C,1,appropriate,
172,Treatment,cp-58528,OOV-X-AB95C54104,1,appropriate,
173,Treatment,TCF12/HEB shRNA2,OOV-X-564D2E7A0E,2,appropriate,
174,Condition,FT Chronic graft injury (> 3 yrs post-transplant),OOV-C-59932E8A2B,3,appropriate,
175,Condition,Normal Birth Weight,OOV-C-9D055BF977,2,appropriate,
176,Treatment,siRNA: TNFR1; BV6,OOV-X-3639FB3138,1,appropriate,
177,Treatment,cp-51567,OOV-X-FBE932A034,1,appropriate,
178,Treatment,4.75um,OOV-X-8C5588D2E2,2,appropriate,
179,Treatment,overexpressing miR-146a,OOV-X-87B2945147,3,appropriate,
180,Condition,CRC; colon tumor,OOV-C-3A29D5DB07,20,inappropriate,D015179
181,Treatment,CSE 5%,OOV-X-D447EA6DE3,2,appropriate,
182,Tissue,Mucosal biopsies,OOV-T-17E1AD92CF,4,appropriate,
183,Treatment,MMS 200uM,OOV-X-CEC189999F,6,appropriate,
184,Condition,tumor adjacent,OOV-C-1F93938DD6,9,appropriate,
185,Condition,healthy controls,OOV-C-CD7646BCCB,210,appropriate,
186,Treatment,cp-100846,OOV-X-6BB6C250F6,1,appropriate,
187,Treatment,ALW-II-49-7 1.11µM,OOV-X-831E0D25B5,33,appropriate,
188,Treatment,chemotherapy sensitive,OOV-X-B006C71002,3,appropriate,
189,Treatment,cp-81961,OOV-X-4D139A52D1,1,appropriate,
190,Treatment,RG-108 10µM,OOV-X-C68F385BB0,40,appropriate,
191,Treatment,viral RNAi,OOV-X-F4E4C001F5,4,appropriate,
192,Condition,pro-inflammatory condition,OOV-C-8A21D17C17,3,inappropriate,D007249
193,Treatment,GFP_5,OOV-X-4066F2F5D3,1,appropriate,
194,Treatment,5mg/kg,OOV-X-00214B7C63,4,appropriate,
195,Treatment,cp-79134,OOV-X-566A193A8F,1,appropriate,
196,Treatment,4% Pp2,OOV-X-5D83911426,1,appropriate,
197,Treatment,cp-60542,OOV-X-AEEDE006D8,1,appropriate,
198,Condition,cT4bN0M0,OOV-C-1C62645DB0,4,appropriate,
199,Treatment,TACE,ART-X-26547,147,inappropriate,D016461
200,Treatment,cp-33977,OOV-X-53F45073C7,1,appropriate,
201,Tissue,T-cell lymphoblastic cell,OOV-T-D51BB23352,12,appropriate,
202,Condition,resistance to E2 withdrawal plus tamoxifen,OOV-C-D83B86A409,26,appropriate,
203,Treatment,cp-82134,OOV-X-A75F4F489D,1,appropriate,
204,Treatment,cp-52503,OOV-X-CA8D7742BA,1,appropriate,
205,Condition,Healthy controls,OOV-C-CD7646BCCB,92,appropriate,
206,Tissue,synovial MSCs,OOV-T-399D73D8D1,3,inappropriate,D059630
207,Condition,neuroblastoma tumour; stage: 3,OOV-C-E8E470E1DC,6,inappropriate,D009447
208,Treatment,cp-366,OOV-X-50B4520BF8,1,appropriate,
209,Treatment,si HIF-2alpha; 20 ng/ml IL-10; 21% oxygen,OOV-X-A0A50FF0CC,3,appropriate,
210,Treatment,siRNA targeting AKAP12,OOV-X-5370C232C1,2,appropriate,
211,Condition,non-metastatic colorectal cancer,OOV-C-06DA34D3F9,26,inappropriate,D015179
212,Treatment,cp-1067,OOV-X-E63B450703,1,appropriate,
213,Treatment,cp-53410,OOV-X-089A7C4AD2,1,appropriate,
214,Treatment,afb1 exposure: 96.2,OOV-X-DDFCE4B108,1,appropriate,
215,Treatment,cp-23345,OOV-X-4FE01EA1DF,1,appropriate,
216,Treatment,U2AF1 mutation,OOV-X-4119FDAF21,4,appropriate,
217,Tissue,"FFPE tumor tissue, kidney",OOV-T-E919348233,1,inappropriate,D007668
218,Treatment,CPAP 5011c,OOV-X-42CEA22BF4,1,appropriate,
219,Treatment,garcinol 0.04µM,OOV-X-2ADBA9E3D5,42,appropriate,
220,Treatment,MHC-I-deficient target cell (K562)+IL-2,OOV-X-D7C7CC91EE,3,appropriate,
221,Treatment,10.9382um,OOV-X-ED44C7EB37,4,appropriate,
222,Condition,Native pre-implantation biopsies,OOV-C-77B1B909A6,10,appropriate,
223,Condition,TNF-α,OOV-C-2AB15B1373,1,appropriate,
224,Treatment,GW-5074 0.12µM,OOV-X-871512D5C7,38,appropriate,
225,Treatment,H3.X knockdown; H3.Y knockdown,OOV-X-DDC884E25E,1,appropriate,
226,Treatment,TN14_CA20_BL serum,OOV-X-E03D92BAFC,1,appropriate,
227,Treatment,0.64 ug/ml obese visceral adipocyte exosomes,OOV-X-9DACB023AA,2,appropriate,
228,Treatment,"an inhibitor cocktail containing 50 µM D-APV, 40 µM CNQX, and 100 nM TTX for 3 hrs",OOV-X-12D130D528,1,appropriate,
229,Treatment,IRF1; BV6,OOV-X-B444FF5588,2,appropriate,
230,Treatment,PHA-767491 10µM,OOV-X-27C8797076,27,appropriate,
231,Treatment,BCR-ABL1-GFP (B/A); 2 mmol/l Imatinib (IM),OOV-X-7420CEEF6A,4,appropriate,
232,Treatment,vector containing phosphomimetic PEA-15 (Ser104 and Ser116 substituted with aspartic acid),OOV-X-757CE1BE9C,3,appropriate,
233,Tissue,CLL-B cells (CLL67),OOV-T-E7042E1CE7,1,appropriate,
234,Treatment,Verbenalin,OOV-X-DE3FE67E8C,3,appropriate,
235,Treatment,10.0873um,OOV-X-5EF36228E9,1,appropriate,
236,Tissue,Melanoma cell line Melmet5,OOV-T-A31A124B31,3,indeterminate,
237,Condition,in-transit disease; F_stage_IIIB; CR,OOV-C-F501A9F294,4,appropriate,
238,Treatment,siControl; vehicle,OOV-X-FE486F3011,7,appropriate,
239,Treatment,AZ20 0.37µM,OOV-X-4BC19A93C9,40,appropriate,
240,Treatment,cp-69323,OOV-X-7F658D0E26,1,appropriate,
241,Treatment,RCyP+; C79_B1,OOV-X-D80E75715F,4,appropriate,
242,Treatment,cp-69422,OOV-X-E693F521BB,1,appropriate,
243,Tissue,human iPSC line 5,OOV-T-2B0E4F43B6,1,inappropriate,D057026
244,Treatment,RV16+CSE,OOV-X-7BC92233E9,4,appropriate,
245,Treatment,siEZH2; VEH,OOV-X-807B893C5E,1,appropriate,
246,Treatment,non-targeting control siRNA; Ethanol,OOV-X-1A7812C18E,3,appropriate,
247,Treatment,mock treated; 3µM LRRK2-IN-1,OOV-X-11DACF30F6,3,appropriate,
248,Tissue,eosinophilic leukemia cells,OOV-T-F66F615465,2,appropriate,
249,Treatment,cp-81771,OOV-X-EAD5F7E1B3,1,appropriate,
250,Tissue,Human cord blood,OOV-T-3102DC63D6,3,inappropriate,D005312
251,Treatment,1.275um,OOV-X-86B3FF249C,9,appropriate,
252,Condition,symptomatic WT-LGL,OOV-C-8C8E99D265,1,inappropriate,D054066
253,Treatment,VI-28+PB,OOV-X-7AB8EA0279,2,appropriate,
254,Treatment,cp-53500,OOV-X-01A4EFA8AF,1,appropriate,
255,Condition,ZNF341 mutation,OOV-C-9B0F3E7411,2,appropriate,
256,Treatment,XMD-885 0.37µM,OOV-X-8582B1DCD3,37,appropriate,
257,Treatment,NCH645; Hypoxia,OOV-X-14C3CFDE12,1,appropriate,
258,Tissue,EnC-A,OOV-T-2DA8D58FFB,3,indeterminate,
259,Treatment,CD09 Plasma,OOV-X-5BE95687F1,1,appropriate,
260,Treatment,CD2/CD3/CD28-coated beads (Miltenyi); IL-6 (100ng/mL),OOV-X-0B036BF92B,5,appropriate,
261,Treatment,serial passaging,OOV-X-4A1361D561,3,appropriate,
262,Treatment,smoker; 30-day mean pm2.5 exposure level: 16.4406,OOV-X-F964BE6F2A,2,appropriate,
263,Treatment,Hormonal therapy (# of Years)?: 36-40,OOV-X-E5E2294F03,1,appropriate,
264,Treatment,NCOA1 KO,OOV-X-2E5243507A,2,appropriate,
265,Treatment,Fluphenthixol; Chlorpromazine,OOV-X-1C5E7613C8,1,appropriate,
266,Treatment,cp-33984,OOV-X-9A31C0029A,1,appropriate,
267,Condition,CLL; Progressive; Partial Responder,OOV-C-DD3FEB8F66,8,inappropriate,D015451
268,Condition,Follicular,OOV-C-2B3709CE3E,8,appropriate,
269,Condition,ic,OOV-C-321EB8AAF7,5,indeterminate,
270,Treatment,20 nM HHT,OOV-X-F6770457D4,3,appropriate,
271,Tissue,Renal Tumor Clear Cell,OOV-T-92C72C23DD,2,appropriate,
272,Condition,medium donor,OOV-C-17DFAAB406,4,appropriate,
273,Treatment,regorafenib 0.04µM,OOV-X-4DE00E6F74,38,appropriate,
274,Treatment,EZH2-1,OOV-X-1C2C57CDAB,1,appropriate,
275,Tissue,T-ALL-61,OOV-T-FEB52D24FB,2,indeterminate,
276,Condition,primary prostate cancer; Stage: TxN+; Revised Gleason Score: 10; systemic disease,OOV-C-EF4426113D,1,inappropriate,D011471
277,Treatment,AKT-inhibitor-1-2 10µM,OOV-X-5FD85062B7,55,appropriate,
278,Treatment,siPPP2R2A_2B,OOV-X-AA0A66547B,1,appropriate,
279,Treatment,10.728um,OOV-X-7DD492B717,2,appropriate,
280,Treatment,CC-401 10µM,OOV-X-23B64BE76B,38,appropriate,
281,Treatment,cp-69702,OOV-X-B9C90D436D,1,appropriate,
282,Treatment,cp-54189,OOV-X-EB2BE6919F,1,appropriate,
283,Treatment,IL-1beta (100 ng/ml),OOV-X-FA28800A57,1,appropriate,
284,Treatment,Obese pre,OOV-X-66DB38C8DF,1,appropriate,
285,Treatment,shVAV3; dox,OOV-X-D1B4C46599,3,appropriate,
286,Treatment,Natural conception,OOV-X-BB46FF86F5,63,appropriate,
287,Treatment,H1N1,ART-X-00021,415,appropriate,
288,Treatment,INSM2 2µL,OOV-X-C7B811F334,55,appropriate,
290,Condition,normal pregnancy,OOV-C-D12C3BAAEE,393,appropriate,
291,Condition,non-tumor control,OOV-C-CDE9B85B14,64,appropriate,
292,Treatment,T-DM1/P arm,OOV-X-0F7CF8492F,51,appropriate,
293,Tissue,retinoblastoma,OOV-T-59C99BCFFA,345,appropriate,
294,Treatment,Medium,OOV-X-72D7CF97C2,57,appropriate,
295,Treatment,MCV4,ART-X-04690,51,inappropriate,D022401
296,Treatment,PPROM,ART-X-23687,78,appropriate,
297,Treatment,parous parity,OOV-X-A359D6FC7F,124,appropriate,
298,Tissue,diffuse large b-cell lymphoma (DLBCL),OOV-T-81752E4914,249,appropriate,
299,Treatment,RT+PCV,OOV-X-ADA5204F3D,53,appropriate,
300,Treatment,Placebo IV,OOV-X-04A3FEC143,233,inappropriate,D010919
301,Treatment,Carrier,OOV-X-75F37416ED,232,appropriate,
302,Tissue,biopsy,OOV-T-1D484C27CB,326,appropriate,
303,Treatment,GSK-2126458 10µM,OOV-X-437FC09C85,62,appropriate,
304,Treatment,MMF,ART-X-00587,295,inappropriate,D009173
305,Treatment,10nM DHT,OOV-X-B6B2DC2715,84,appropriate,
306,Treatment,PD-184352 3.33µM,OOV-X-68BBAFC019,58,appropriate,
307,Treatment,HG-5-113-01 0.37µM,OOV-X-CCDA41DD71,54,appropriate,
308,Treatment,BP1 diagnosis 2,OOV-X-E947DA76D7,83,appropriate,
309,Tissue,CD8+ T cell,OOV-T-58C92E7169,99,inappropriate,D018414
310,Tissue,Liver metastasis,OOV-T-878B965090,71,appropriate,
311,Tissue,Leukemic cells,OOV-T-EFBF240528,130,appropriate,
312,Treatment,PLB,ART-X-00029,214,inappropriate,D010919
313,Treatment,Fish oil supplement,OOV-X-6962430079,190,inappropriate,D005395
314,Treatment,IL1,ART-X-06370,58,inappropriate,D007375
315,Treatment,125 nM plx4720,OOV-X-2D6B54045F,51,appropriate,
316,Treatment,PLX-4720 1.11µM,OOV-X-52A4A996F9,58,appropriate,
317,Tissue,Leukemia cells,OOV-T-5C16D002A6,171,appropriate,
318,Condition,PTB,ART-C-00123,74,inappropriate,D047928
319,Tissue,HMEC,ART-T-00035,58,appropriate,
320,Condition,preeclamptic,OOV-C-0F2A06FC65,54,inappropriate,D011225
321,Treatment,CHIR-99021 10µM,OOV-X-440A8503D2,72,appropriate,
322,Tissue,Schwannoma,OOV-T-2B2F3C0673,125,appropriate,
323,Treatment,alvocidib 0.12µM,OOV-X-53D3B1BD94,71,appropriate,
324,Tissue,CD4+ T-cells,OOV-T-DD6B564FF3,290,inappropriate,D015496
325,Tissue,Human sarcoma,OOV-T-3F54F3A08D,59,appropriate,
326,Treatment,non-asthmatic disease status,OOV-X-A44A932837,63,appropriate,
327,Treatment,33.6559um,OOV-X-829E26C1DB,50,appropriate,
328,Tissue,peripheral vein blood,OOV-T-F54800721D,488,inappropriate,D001769
329,Condition,FAP,ART-C-01340,65,inappropriate,D011125
330,Condition,Normal glucose tolerance (NGT),OOV-C-72999AF951,52,appropriate,
331,Tissue,CD34,ART-T-00595,361,appropriate,
332,Condition,CAD patients,OOV-C-978916FB59,50,inappropriate,D003324
333,Treatment,media containing rhinovirus (RV16),OOV-X-DDBCD1480E,95,appropriate,
335,Condition,B-CLL,OOV-C-E68D771EDE,114,inappropriate,D015451
336,Treatment,RNALater,OOV-X-2177786036,86,appropriate,
337,Condition,typically developing (control),OOV-C-C9E46FAC70,70,appropriate,
338,Treatment,tozasertib 0.12µM,OOV-X-A55F502E2A,55,appropriate,
339,Treatment,Candida albicans,OOV-X-FAEFC92F07,70,appropriate,
340,Condition,active UC,OOV-C-CCEFBF25FD,86,inappropriate,D003093
341,Condition,Interstitial fibrosis and tubular atrophy with acute rejection AR,OOV-C-7231E099CD,54,appropriate,
342,Condition,Severe asthma,OOV-C-B55FE9BF02,361,inappropriate,D001249
343,Condition,non-malignant,OOV-C-D2F50AC097,84,appropriate,
344,Tissue,"Human Brain, primary Glioblastoma",OOV-T-F9C8D46FA5,70,inappropriate,D001921
345,Treatment,MVA HIV-B / LIPO-5,OOV-X-B7DD6CF666,100,appropriate,
346,Condition,SLE; Systemic lupus erythematosus (SLE),OOV-C-E21E55C717,366,inappropriate,D008180
347,Condition,baseline,OOV-C-2731D75FC4,602,appropriate,
348,Treatment,SAR-245408 0.37µM,OOV-X-C057547F97,55,appropriate,
349,Condition,lesion,OOV-C-E74901BEAC,87,appropriate,
350,Treatment,CP466722 10µM,OOV-X-85BB9C5077,57,appropriate,
351,Tissue,HNSCC tumor,OOV-T-4F8CF8B1AE,63,appropriate,
352,Tissue,SBAD2 iPS cells,OOV-T-F4E7B94D31,222,indeterminate,
353,Condition,Lung cancer Large Cell Neuroendocrine,OOV-C-4AE546029E,53,inappropriate,D018278
354,Tissue,iPSC-MN,OOV-T-9ABA1142A2,60,inappropriate,D009046
355,Treatment,scramble,OOV-X-A9620BF57B,61,appropriate,
356,Treatment,R-CHOP 21,OOV-X-176D671C36,184,appropriate,
357,Treatment,PFDN2 2µL,OOV-X-4B8F4B1252,90,appropriate,
358,Treatment,NVP-AUY922 1.11µM,OOV-X-A3EB5B3A30,57,appropriate,
359,Condition,JIA Systemic Onset,OOV-C-C9BBA3E319,104,inappropriate,D001171
360,Condition,former smoker,OOV-C-E223A4BF03,72,appropriate,
361,Treatment,enzastaurin 1.11µM,OOV-X-65DF60B727,56,appropriate,
362,Treatment,radicicol 1.11µM,OOV-X-79105C5FF2,136,appropriate,
363,Treatment,vector 101,OOV-X-BBAA528A29,113,appropriate,
364,Treatment,YM-201636 10µM,OOV-X-3581EB94A0,54,appropriate,
365,Treatment,PIK-93 1.11µM,OOV-X-C5189919AF,57,appropriate,
366,Treatment,KEAP1,ART-X-14312,101,appropriate,
367,Treatment,radicicol 0.12µM,OOV-X-4B6F0FD394,135,appropriate,
368,Treatment,JNK-9L 10µM,OOV-X-2B3B3BB5EF,72,appropriate,
369,Condition,flare,OOV-C-2EB5819F7F,95,appropriate,
370,Treatment,oral corticosteroid use: yes,OOV-X-5C0741209F,93,appropriate,
371,Treatment,FTC/TDF,OOV-X-968844E824,83,appropriate,
372,Tissue,Wilms tumour,OOV-T-D2E8AA8FEA,52,appropriate,
373,Treatment,radicicol 10µM,OOV-X-B7EA0ECA8C,138,appropriate,
374,Tissue,plasmablast,OOV-T-960D08122B,57,inappropriate,D010950
375,Tissue,Leukemic peripheral blood,OOV-T-26BC443076,62,inappropriate,D001769
376,Condition,Sporadic cancer; Breast Cancer,OOV-C-E44F3F6686,52,inappropriate,D001943
377,Tissue,CD8+ T-Cell,OOV-T-58C92E7169,56,inappropriate,D018414
378,Tissue,Synovial tissue,OOV-T-F216CDEF9D,101,inappropriate,D013583
379,Treatment,TG-101348 1.11µM,OOV-X-18C4D49CE4,54,appropriate,
380,Tissue,amniocytes,OOV-T-A334A5A075,51,inappropriate,D000650
382,Tissue,colorectal Adenocarcinoma,OOV-T-C13351A10E,566,appropriate,
383,Treatment,SAR-245408 10µM,OOV-X-E8DDE68334,54,appropriate,
384,Treatment,CGP-60474 10µM,OOV-X-3D0378B6D0,179,appropriate,
385,Condition,Untreated,OOV-C-8E80DD0EE8,52,appropriate,
386,Treatment,GW-843682X 0.12µM,OOV-X-9C230F85D7,75,appropriate,
388,Condition,HCV replicon,OOV-C-8201248C13,59,appropriate,
389,Treatment,saracatinib 0.04µM,OOV-X-9C96FF02AD,113,appropriate,
390,Tissue,lung adenocarcinomas,OOV-T-5018C60CFD,78,appropriate,
391,Treatment,asa_dosis: 81; plaquenil: 1,OOV-X-D5B493479F,51,appropriate,
392,Treatment,SB590885 1.11µM,OOV-X-97F01919F0,56,appropriate,
393,Tissue,CD4+ T-Cell,OOV-T-DD6B564FF3,59,inappropriate,D015496
395,Condition,HDM,ART-C-04107,99,appropriate,
396,Tissue,CD138 purified myeloma plasma cells,OOV-T-1019C24E58,490,inappropriate,D010950
397,Tissue,Nasopharyngeal swabs,OOV-T-683E61D4C0,166,inappropriate,D009305
398,Treatment,GA,ART-X-22800,76,indeterminate,
399,Condition,normal fibroblasts,OOV-C-417492FB26,59,appropriate,
400,Condition,ATL,ART-C-02475,61,inappropriate,D015459
401,Treatment,rsv,OOV-X-792E8583EC,51,appropriate,
402,Treatment,AKT-inhibitor-1-2 0.04µM,OOV-X-792891A73F,54,appropriate,
403,Treatment,TG-101348 10µM,OOV-X-31BB8BC974,56,appropriate,
404,Treatment,TWS-119 0.12µM,OOV-X-2A5E3E93B0,55,appropriate,
405,Treatment,CP-724714 0.04µM,OOV-X-22A0AF6656,53,appropriate,
406,Tissue,buccal swab,OOV-T-95BACCF202,190,inappropriate,D009061
407,Treatment,EGFR; 2µL,OOV-X-812F1D3697,79,appropriate,
408,Treatment,smoker,OOV-X-6D9285066E,378,appropriate,
409,Condition,CEES exposure,OOV-C-6C5A839A55,162,appropriate,
410,Treatment,LDN-193189 0.04µM,OOV-X-FB61F59C06,58,appropriate,
411,Treatment,IFN,ART-X-03417,59,inappropriate,D007372
412,Treatment,WZ-4-145 0.12µM,OOV-X-C27C15F262,73,appropriate,
414,Treatment,trichostatin,OOV-X-EEA148F52A,64,appropriate,
415,Treatment,mid proliferative cycle stage,OOV-X-83F9AFAC28,79,appropriate,
416,Treatment,Definite Bacterial infection,OOV-X-41BB4C41AF,55,appropriate,
417,Tissue,CD14+ cells,OOV-T-9B2E20067A,194,inappropriate,D009000
418,Tissue,lesion,OOV-T-BDBCED37BE,72,appropriate,
420,Treatment,GSK-1904529A 0.37µM,OOV-X-3A93F7C537,70,appropriate,
421,Treatment,XMD11-85H 0.37µM,OOV-X-5A0DC4D2DD,64,appropriate,
422,Tissue,neuronal progenitor cells,OOV-T-3EF6864093,2072,inappropriate,D058953
423,Condition,Non-tumor,OOV-C-8F4BC153BC,57,appropriate,
424,Tissue,peripheral NK cells,OOV-T-7AC5AD8083,69,inappropriate,D007694
425,Treatment,dovitinib 1.11µM,OOV-X-7F27C885DA,54,appropriate,
426,Condition,early stage CRC,OOV-C-8C7EA0719C,56,inappropriate,D015179
427,Tissue,human myeloma cell,OOV-T-E5A471AE7A,331,appropriate,
428,Tissue,endometrial cancer tissue,OOV-T-B423AB1B6B,160,appropriate,
429,Condition,Non-involved (apparently normal),OOV-C-F41CF6FC18,303,appropriate,
430,Condition,normal prostate,OOV-C-5C1E87EC6C,81,appropriate,
431,Treatment,PHA-793887 0.12µM,OOV-X-CA12F45AC2,72,appropriate,
432,Condition,Normal kidney tissue,OOV-C-27FECAC37E,53,appropriate,
433,Tissue,CRC tumor,OOV-T-C5800BB7BD,484,appropriate,
434,Tissue,CD19-enriched CLL patient sample,OOV-T-57DE82B1D8,300,appropriate,
435,Tissue,descendens,OOV-T-006A2174EF,53,appropriate,
436,Tissue,tubulo interstitium from kidney biopsy,OOV-T-FCC1F559E3,173,inappropriate,D007684
437,Treatment,olaparib 0.37µM,OOV-X-F180E9BD65,77,appropriate,
438,Treatment,MK-2206 3.33µM,OOV-X-644E0D259D,71,appropriate,
439,Tissue,large B-cell lymphoma tissue,OOV-T-8ED3E2829B,180,appropriate,
440,Treatment,Young agegroup,OOV-X-360782D973,110,appropriate,
441,Condition,Prostate,OOV-C-11325FA98B,180,appropriate,
442,Tissue,lymphoblastoid cell lines,OOV-T-E3103FC62D,139,appropriate,
443,Tissue,Colorectal cancer,OOV-T-4AEBAD3347,59,appropriate,
444,Condition,LM CRC,OOV-C-0230A8117F,529,inappropriate,D015179
445,Condition,definite AD,OOV-C-560261BC69,362,inappropriate,D000544
446,Condition,Normal mucosa,OOV-C-6A4944D94D,64,appropriate,
447,Treatment,PD-173074 0.37µM,OOV-X-73CE9266CF,72,appropriate,
448,Tissue,Melanoma,OOV-T-BE6317CA42,164,appropriate,
449,Treatment,GDC-0941 3.33µM,OOV-X-D606F69CC3,73,appropriate,
450,Treatment,relapse 1,OOV-X-156E1E3E06,229,appropriate,
451,Tissue,CD3+ T-cells,OOV-T-72122F77EB,76,inappropriate,D013601
452,Treatment,PIK-93 3.33µM,OOV-X-DFEF30E387,58,appropriate,
453,Condition,Term,OOV-C-82479B599D,70,appropriate,
454,Tissue,HNSCC,ART-T-00178,176,appropriate,
455,Tissue,CRC PDX,OOV-T-0CDF74619F,119,appropriate,
456,Condition,AML,ART-C-00163,3494,inappropriate,D015470
457,Treatment,AZD-8330 3.33µM,OOV-X-317020ADD1,56,appropriate,
458,Condition,SCLC,ART-C-00711,180,inappropriate,D055752
459,Condition,Prostate_Adenocarcinoma,OOV-C-990479A14D,64,inappropriate,D011471
460,Tissue,Pediatric B-Precursor High-Risk Acute Lymphoblastic Leukemia,OOV-T-B0176C1902,283,appropriate,
461,Condition,B-cell acute lymphoblastic leukemia,OOV-C-9DD6B0D353,65,inappropriate,D015452
462,Treatment,TGX-221 10µM,OOV-X-3A2B6A379B,54,appropriate,
463,Condition,Myeloma,OOV-C-BC649C6F57,177,inappropriate,D009101
464,Tissue,UPN727 cells,OOV-T-B1A1523325,978,indeterminate,
465,Treatment,healthy healthy_vs_disease,OOV-X-C0C2D6A301,154,appropriate,
466,Condition,healthy volunteer,OOV-C-CDFF8C0428,800,appropriate,
467,Tissue,MSC,ART-T-00193,88,inappropriate,D059630
468,Treatment,MK-2206 0.12µM,OOV-X-3D3811AAD4,72,appropriate,
469,Condition,OPSCC Case,OOV-C-60F42B80EC,152,inappropriate,D009959
470,Condition,CLAD,ART-C-02519,90,appropriate,
471,Tissue,transbronchial biopsy,OOV-T-228FEAE9BF,205,appropriate,
472,Treatment,brivanib 0.37µM,OOV-X-D5B5B9C1A8,53,appropriate,
473,Tissue,GBM tumor,OOV-T-C08D0DD234,99,appropriate,
474,Treatment,entry clinical status,OOV-X-2E18B1423E,50,appropriate,
475,Tissue,clear cell renal cell carcinoma,OOV-T-BD2BC85C25,306,appropriate,
476,Treatment,veliparib 1.11µM,OOV-X-3C182F6D99,78,appropriate,
477,Tissue,chondrosarcoma,OOV-T-5951B58194,50,appropriate,
478,Treatment,CIMP+ status,OOV-X-51AE83E82B,85,appropriate,
479,Treatment,GTU-MultiHIV B / MVA HIV-B,OOV-X-0502FFD5D0,110,appropriate,
480,Condition,tumour,OOV-C-0F87DACC0D,467,inappropriate,D009369
481,Treatment,PLKO,ART-X-05771,70,appropriate,
482,Tissue,Malignant glioma clone,OOV-T-FD9ED08241,134,appropriate,
483,Condition,colon cancer mouse xenograft,OOV-C-F16E7457A3,57,inappropriate,D003110
484,Treatment,SIVmac251,OOV-X-CA01637C0B,572,appropriate,
485,Condition,adjacent normal tissue,OOV-C-DE5C934BC0,109,appropriate,
486,Tissue,VDH15 oral carcinoma cell line,OOV-T-ABA3F1B2AF,97,indeterminate,
487,Treatment,exercise,OOV-X-7B181D2BB4,110,appropriate,
488,Condition,normal kidney,OOV-C-B2A38A8C0D,78,appropriate,
489,Treatment,JW-7-24-1 0.37µM,OOV-X-9B919CEC43,66,appropriate,
490,Treatment,AT-7519 0.37µM,OOV-X-D3AE8BC206,73,appropriate,
491,Treatment,MRKAd5/HIV,OOV-X-7970A71B59,64,appropriate,
492,Treatment,High dose,OOV-X-65ABFF9FBF,160,appropriate,
493,Treatment,MVA85A vaccination,OOV-X-E7AE104590,85,appropriate,
494,Treatment,MDM2,ART-X-22088,56,appropriate,
495,Condition,preterm delivery,OOV-C-0E13B044D9,52,inappropriate,D047928
496,Treatment,enzastaurin 10µM,OOV-X-BF4AC464D3,57,appropriate,
497,Treatment,third vaccination,OOV-X-B5C0576515,89,appropriate,
498,Treatment,FOLFOX,OOV-X-094DED40D3,57,appropriate,
499,Treatment,fostamatinib 0.37µM,OOV-X-978D95016A,71,appropriate,
500,Treatment,PIK-93 0.37µM,OOV-X-FEAB9E53E0,53,appropriate,
